UF;Cidade;vendas;produtos;itens;venda_total;ticket_medio;mes;cancelada;periodo;per_população_rural;predominancia;cidade_red;class_venda;populacao
MG;Ipanema;1815,0;42742,0;80783,0;415618,22;228,99;202103;False;2021-03-01;0,21849201981287836;Rural;IPANEMA;muito alta;20133,0
MG;Pocrane;213,0;5044,0;13679,0;64652,7;303,53;202103;False;2021-03-01;0,3991764967727576;Rural;POCRANE;muito baixa;8288,0
MG;Taparuba;107,0;3066,0;6486,0;34213,82;319,76;202103;False;2021-03-01;0,5521198597386038;Urbana;TAPARUBA;muito baixa;3093,0
MG;Conceição de Ipanema;124,0;4172,0;8636,0;47041,33;379,37;202103;False;2021-03-01;0,658213644524237;Urbana;IPANEMA;muito baixa;4581,0
MG;Santana do Manhuaçu;255,0;6862,0;15697,0;82612,21;323,97;202103;False;2021-03-01;0,5173619202982987;Urbana;MANHUAÇU;muito baixa;8660,0
MG;Simonésia;300,0;7882,0;15868,0;81240,91;270,8;202103;False;2021-03-01;0,6121980544321783;Urbana;SIMONÉSIA;muito baixa;19834,0
MG;Manhuaçu;355,0;9235,0;19237,0;95968,73;270,33;202103;False;2021-03-01;0,1851735491492196;Rural;MANHUAÇU;baixa;92074,0
MG;Manhuaçu;8,0;237,0;581,0;2643,61;330,45;202103;False;2021-03-01;0,1851735491492196;Rural;MANHUAÇU;muito baixa;92074,0
MG;São José do Mantimento;110,0;3730,0;8204,0;46171,39;419,74;202103;False;2021-03-01;0,4409722222222222;Rural;MANTIMENTO;muito baixa;2821,0
MG;Reduto;13,0;172,0;880,0;3126,42;240,49;202103;False;2021-03-01;0,4446643324706957;Rural;REDUTO;muito baixa;7247,0
MG;Aimorés;102,0;2899,0;6604,0;32829,91;321,86;202103;False;2021-03-01;0,21070555711366643;Rural;AIMORÉS;muito baixa;25116,0
MG;Expedicionário Alício;48,0;1542,0;3682,0;24305,5;506,36;202103;False;2021-03-01;0,21070555711366643;Rural;ALÍCIO;muito baixa;25116,0
MG;Conceição do Capim;22,0;537,0;1525,0;6954,24;316,1;202103;False;2021-03-01;0,21070555711366643;Rural;CAPIM;muito baixa;25116,0
MG;Penha do Capim;15,0;460,0;903,0;4851,14;323,41;202103;False;2021-03-01;0,21070555711366643;Rural;CAPIM;muito baixa;25116,0
MG;Resplendor;27,0;535,0;1477,0;6532,73;241,95;202103;False;2021-03-01;0,2491076130844403;Rural;RESPLENDOR;muito baixa;17396,0
MG;Itueta;23,0;588,0;1166,0;5877,62;255,55;202103;False;2021-03-01;0,4341337907375643;Rural;ITUETA;muito baixa;6074,0
MG;Quatituba;26,0;457,0;1453,0;8180,43;314,63;202103;False;2021-03-01;0,4341337907375643;Rural;QUATITUBA;muito baixa;6074,0
ES;Baixo Guandu;35,0;771,0;1773,0;8696,56;248,47;202103;False;2021-03-01;0,2258863175269076;Rural;GUANDU;muito baixa;31263,0
MG;Caratinga;7,0;137,0;457,0;2336,74;333,82;202103;False;2021-03-01;0,1732188317554171;Rural;CARATINGA;muito baixa;93124,0
MG;SÃO JOÃO DO JACUTINGA;1,0;44,0;72,0;321,97;321,97;202103;False;2021-03-01;0,1732188317554171;Rural;JACUTINGA;muito baixa;93124,0
MG;SANTO ANTÔNIO DO MANHUAÇU;46,0;1041,0;3183,0;14603,04;317,46;202103;False;2021-03-01;0,1732188317554171;Rural;MANHUAÇU;muito baixa;93124,0
MG;Piedade de Caratinga;3,0;72,0;201,0;1234,65;411,55;202103;False;2021-03-01;0,3527426160337553;Rural;CARATINGA;muito baixa;8832,0
MG;Santa Rita de Minas;2,0;28,0;98,0;334,11;167,06;202103;False;2021-03-01;0,27081105850007636;Rural;MINAS;muito baixa;7322,0
MG;Martins Soares;1,0;57,0;93,0;459,11;459,11;202103;False;2021-03-01;0,5919420047399973;Urbana;SOARES;muito baixa;8640,0
MG;Manhumirim;4,0;54,0;103,0;461,82;115,46;202103;False;2021-03-01;0,2029276961930596;Rural;MANHUMIRIM;muito baixa;22894,0
MG;Inhapim;1,0;3,0;13,0;98,34;98,34;202103;False;2021-03-01;0,42401415987486624;Rural;INHAPIM;muito baixa;24020,0
MG;Mutum;2,0;113,0;165,0;764,47;382,24;202103;False;2021-03-01;0,482765087581111;Rural;MUTUM;muito baixa;26945,0
MG;Ipanema;1671,0;37953,0;72737,0;370431,36;221,68;202104;False;2021-04-01;0,21849201981287836;Rural;IPANEMA;muito alta;20133,0
MG;Pocrane;159,0;3951,0;10706,0;49481,17;311,2;202104;False;2021-04-01;0,3991764967727576;Rural;POCRANE;muito baixa;8288,0
MG;Taparuba;93,0;2929,0;5917,0;31015,67;333,5;202104;False;2021-04-01;0,5521198597386038;Urbana;TAPARUBA;muito baixa;3093,0
MG;Conceição de Ipanema;104,0;3464,0;7148,0;37960,86;365,01;202104;False;2021-04-01;0,658213644524237;Urbana;IPANEMA;muito baixa;4581,0
MG;Santana do Manhuaçu;211,0;6187,0;14180,0;77082,0;365,32;202104;False;2021-04-01;0,5173619202982987;Urbana;MANHUAÇU;muito baixa;8660,0
MG;Simonésia;236,0;6627,0;13526,0;67779,88;287,2;202104;False;2021-04-01;0,6121980544321783;Urbana;SIMONÉSIA;muito baixa;19834,0
MG;Manhuaçu;289,0;7805,0;17376,0;80698,98;279,24;202104;False;2021-04-01;0,1851735491492196;Rural;MANHUAÇU;muito baixa;92074,0
MG;Manhuaçu;5,0;156,0;395,0;1866,35;373,27;202104;False;2021-04-01;0,1851735491492196;Rural;MANHUAÇU;muito baixa;92074,0
MG;São José do Mantimento;104,0;3321,0;7724,0;43242,2;415,79;202104;False;2021-04-01;0,4409722222222222;Rural;MANTIMENTO;muito baixa;2821,0
MG;Reduto;13,0;243,0;1162,0;4695,56;361,2;202104;False;2021-04-01;0,4446643324706957;Rural;REDUTO;muito baixa;7247,0
MG;Aimorés;96,0;2821,0;6387,0;32091,64;334,29;202104;False;2021-04-01;0,21070555711366643;Rural;AIMORÉS;muito baixa;25116,0
MG;Expedicionário Alício;35,0;1193,0;2645,0;15829,89;452,28;202104;False;2021-04-01;0,21070555711366643;Rural;ALÍCIO;muito baixa;25116,0
MG;Conceição do Capim;22,0;527,0;1361,0;7244,28;329,29;202104;False;2021-04-01;0,21070555711366643;Rural;CAPIM;muito baixa;25116,0
MG;Penha do Capim;15,0;497,0;871,0;4949,32;329,95;202104;False;2021-04-01;0,21070555711366643;Rural;CAPIM;muito baixa;25116,0
MG;Resplendor;35,0;868,0;2575,0;9888,83;282,54;202104;False;2021-04-01;0,2491076130844403;Rural;RESPLENDOR;muito baixa;17396,0
MG;Itueta;14,0;435,0;814,0;3211,83;229,42;202104;False;2021-04-01;0,4341337907375643;Rural;ITUETA;muito baixa;6074,0
MG;Quatituba;24,0;643,0;1775,0;9361,08;390,05;202104;False;2021-04-01;0,4341337907375643;Rural;QUATITUBA;muito baixa;6074,0
ES;Baixo Guandu;29,0;650,0;1188,0;6147,9;212,0;202104;False;2021-04-01;0,2258863175269076;Rural;GUANDU;muito baixa;31263,0
MG;Caratinga;5,0;165,0;488,0;1965,2;393,04;202104;False;2021-04-01;0,1732188317554171;Rural;CARATINGA;muito baixa;93124,0
MG;SÃO JOÃO DO JACUTINGA;2,0;60,0;97,0;494,3;247,15;202104;False;2021-04-01;0,1732188317554171;Rural;JACUTINGA;muito baixa;93124,0
MG;SANTO ANTÔNIO DO MANHUAÇU;36,0;817,0;2470,0;11655,78;323,77;202104;False;2021-04-01;0,1732188317554171;Rural;MANHUAÇU;muito baixa;93124,0
MG;Piedade de Caratinga;2,0;87,0;174,0;909,57;454,79;202104;False;2021-04-01;0,3527426160337553;Rural;CARATINGA;muito baixa;8832,0
MG;Santa Rita de Minas;3,0;18,0;95,0;293,81;97,94;202104;False;2021-04-01;0,27081105850007636;Rural;MINAS;muito baixa;7322,0
MG;Martins Soares;1,0;48,0;123,0;475,61;475,61;202104;False;2021-04-01;0,5919420047399973;Urbana;SOARES;muito baixa;8640,0
MG;Manhumirim;3,0;152,0;294,0;1581,34;527,11;202104;False;2021-04-01;0,2029276961930596;Rural;MANHUMIRIM;muito baixa;22894,0
MG;Mutum;1,0;53,0;98,0;443,64;443,64;202104;False;2021-04-01;0,482765087581111;Rural;MUTUM;muito baixa;26945,0
MG;Ipanema;1808,0;41578,0;80087,0;412980,18;228,42;202105;False;2021-05-01;0,21849201981287836;Rural;IPANEMA;muito alta;20133,0
MG;Pocrane;174,0;3876,0;10921,0;52858,88;303,79;202105;False;2021-05-01;0,3991764967727576;Rural;POCRANE;muito baixa;8288,0
MG;Taparuba;93,0;2980,0;6246,0;32808,92;352,78;202105;False;2021-05-01;0,5521198597386038;Urbana;TAPARUBA;muito baixa;3093,0
MG;Conceição de Ipanema;135,0;4165,0;9059,0;49083,58;363,58;202105;False;2021-05-01;0,658213644524237;Urbana;IPANEMA;muito baixa;4581,0
MG;Santana do Manhuaçu;231,0;6694,0;15585,0;80605,92;348,94;202105;False;2021-05-01;0,5173619202982987;Urbana;MANHUAÇU;muito baixa;8660,0
MG;Simonésia;276,0;7862,0;15945,0;79817,19;289,19;202105;False;2021-05-01;0,6121980544321783;Urbana;SIMONÉSIA;muito baixa;19834,0
MG;Manhuaçu;304,0;8053,0;16682,0;84449,83;277,8;202105;False;2021-05-01;0,1851735491492196;Rural;MANHUAÇU;muito baixa;92074,0
MG;Manhuaçu;5,0;61,0;244,0;1338,95;267,79;202105;False;2021-05-01;0,1851735491492196;Rural;MANHUAÇU;muito baixa;92074,0
MG;São José do Mantimento;125,0;3919,0;10039,0;55948,83;447,59;202105;False;2021-05-01;0,4409722222222222;Rural;MANTIMENTO;muito baixa;2821,0
MG;Reduto;15,0;281,0;863,0;4170,44;278,03;202105;False;2021-05-01;0,4446643324706957;Rural;REDUTO;muito baixa;7247,0
MG;Aimorés;92,0;2755,0;6359,0;31435,29;341,69;202105;False;2021-05-01;0,21070555711366643;Rural;AIMORÉS;muito baixa;25116,0
MG;Expedicionário Alício;35,0;1007,0;2406,0;14388,5;411,1;202105;False;2021-05-01;0,21070555711366643;Rural;ALÍCIO;muito baixa;25116,0
MG;Conceição do Capim;31,0;732,0;1848,0;10274,93;331,45;202105;False;2021-05-01;0,21070555711366643;Rural;CAPIM;muito baixa;25116,0
MG;Penha do Capim;12,0;307,0;599,0;3415,06;284,59;202105;False;2021-05-01;0,21070555711366643;Rural;CAPIM;muito baixa;25116,0
MG;Resplendor;34,0;687,0;2120,0;8925,03;262,5;202105;False;2021-05-01;0,2491076130844403;Rural;RESPLENDOR;muito baixa;17396,0
MG;Itueta;13,0;319,0;557,0;2626,84;202,06;202105;False;2021-05-01;0,4341337907375643;Rural;ITUETA;muito baixa;6074,0
MG;Quatituba;29,0;637,0;1803,0;9298,2;320,63;202105;False;2021-05-01;0,4341337907375643;Rural;QUATITUBA;muito baixa;6074,0
ES;Baixo Guandu;45,0;706,0;1781,0;8671,49;192,7;202105;False;2021-05-01;0,2258863175269076;Rural;GUANDU;muito baixa;31263,0
MG;Caratinga;8,0;93,0;556,0;2302,44;287,81;202105;False;2021-05-01;0,1732188317554171;Rural;CARATINGA;muito baixa;93124,0
MG;SÃO JOÃO DO JACUTINGA;1,0;30,0;61,0;324,05;324,05;202105;False;2021-05-01;0,1732188317554171;Rural;JACUTINGA;muito baixa;93124,0
MG;SANTO ANTÔNIO DO MANHUAÇU;47,0;1011,0;3007,0;13771,27;293,01;202105;False;2021-05-01;0,1732188317554171;Rural;MANHUAÇU;muito baixa;93124,0
MG;Piedade de Caratinga;4,0;38,0;140,0;547,56;136,89;202105;False;2021-05-01;0,3527426160337553;Rural;CARATINGA;muito baixa;8832,0
MG;Santa Rita de Minas;3,0;29,0;108,0;324,68;108,23;202105;False;2021-05-01;0,27081105850007636;Rural;MINAS;muito baixa;7322,0
MG;Manhumirim;2,0;108,0;180,0;1284,28;642,14;202105;False;2021-05-01;0,2029276961930596;Rural;MANHUMIRIM;muito baixa;22894,0
MG;Inhapim;4,0;140,0;516,0;1862,48;465,62;202105;False;2021-05-01;0,42401415987486624;Rural;INHAPIM;muito baixa;24020,0
MG;Mutum;1,0;27,0;49,0;221,56;221,56;202105;False;2021-05-01;0,482765087581111;Rural;MUTUM;muito baixa;26945,0
MG;Ipanema;1939,0;42540,0;81926,0;429484,69;221,5;202106;False;2021-06-01;0,21849201981287836;Rural;IPANEMA;muito alta;20133,0
MG;Pocrane;172,0;4009,0;11772,0;54772,22;318,44;202106;False;2021-06-01;0,3991764967727576;Rural;POCRANE;muito baixa;8288,0
MG;Taparuba;107,0;3012,0;6176,0;34001,99;317,78;202106;False;2021-06-01;0,5521198597386038;Urbana;TAPARUBA;muito baixa;3093,0
MG;Conceição de Ipanema;118,0;3459,0;8149,0;44592,34;377,9;202106;False;2021-06-01;0,658213644524237;Urbana;IPANEMA;muito baixa;4581,0
MG;Santana do Manhuaçu;225,0;6725,0;14929,0;79170,19;351,87;202106;False;2021-06-01;0,5173619202982987;Urbana;MANHUAÇU;muito baixa;8660,0
MG;Simonésia;289,0;8129,0;16822,0;90721,75;313,92;202106;False;2021-06-01;0,6121980544321783;Urbana;SIMONÉSIA;muito baixa;19834,0
MG;Manhuaçu;297,0;7834,0;17130,0;88006,9;296,32;202106;False;2021-06-01;0,1851735491492196;Rural;MANHUAÇU;muito baixa;92074,0
MG;Manhuaçu;8,0;169,0;510,0;2544,19;318,02;202106;False;2021-06-01;0,1851735491492196;Rural;MANHUAÇU;muito baixa;92074,0
MG;São José do Mantimento;123,0;4087,0;9458,0;55959,5;454,96;202106;False;2021-06-01;0,4409722222222222;Rural;MANTIMENTO;muito baixa;2821,0
MG;Reduto;15,0;287,0;1224,0;5108,26;340,55;202106;False;2021-06-01;0,4446643324706957;Rural;REDUTO;muito baixa;7247,0
MG;Aimorés;115,0;3097,0;6897,0;37905,73;329,62;202106;False;2021-06-01;0,21070555711366643;Rural;AIMORÉS;muito baixa;25116,0
MG;Expedicionário Alício;38,0;1155,0;3080,0;20064,01;528,0;202106;False;2021-06-01;0,21070555711366643;Rural;ALÍCIO;muito baixa;25116,0
MG;Conceição do Capim;28,0;633,0;1309,0;8562,75;305,81;202106;False;2021-06-01;0,21070555711366643;Rural;CAPIM;muito baixa;25116,0
MG;Penha do Capim;12,0;404,0;807,0;4327,91;360,66;202106;False;2021-06-01;0,21070555711366643;Rural;CAPIM;muito baixa;25116,0
MG;Resplendor;55,0;1220,0;3357,0;14748,23;268,15;202106;False;2021-06-01;0,2491076130844403;Rural;RESPLENDOR;muito baixa;17396,0
MG;Itueta;14,0;271,0;600,0;2957,58;211,26;202106;False;2021-06-01;0,4341337907375643;Rural;ITUETA;muito baixa;6074,0
MG;Quatituba;21,0;500,0;1795,0;9342,33;444,87;202106;False;2021-06-01;0,4341337907375643;Rural;QUATITUBA;muito baixa;6074,0
ES;Baixo Guandu;43,0;688,0;1656,0;7803,89;181,49;202106;False;2021-06-01;0,2258863175269076;Rural;GUANDU;muito baixa;31263,0
MG;Caratinga;11,0;184,0;486,0;2939,53;267,23;202106;False;2021-06-01;0,1732188317554171;Rural;CARATINGA;muito baixa;93124,0
MG;SÃO JOÃO DO JACUTINGA;1,0;38,0;87,0;482,7;482,7;202106;False;2021-06-01;0,1732188317554171;Rural;JACUTINGA;muito baixa;93124,0
MG;SANTO ANTÔNIO DO MANHUAÇU;53,0;1246,0;3335,0;17126,83;323,15;202106;False;2021-06-01;0,1732188317554171;Rural;MANHUAÇU;muito baixa;93124,0
MG;Piedade de Caratinga;3,0;96,0;223,0;1329,97;443,32;202106;False;2021-06-01;0,3527426160337553;Rural;CARATINGA;muito baixa;8832,0
MG;Santa Rita de Minas;3,0;28,0;80,0;396,78;132,26;202106;False;2021-06-01;0,27081105850007636;Rural;MINAS;muito baixa;7322,0
MG;Martins Soares;2,0;77,0;115,0;613,53;306,77;202106;False;2021-06-01;0,5919420047399973;Urbana;SOARES;muito baixa;8640,0
MG;Manhumirim;1,0;34,0;107,0;271,66;271,66;202106;False;2021-06-01;0,2029276961930596;Rural;MANHUMIRIM;muito baixa;22894,0
MG;Inhapim;2,0;68,0;93,0;706,29;353,15;202106;False;2021-06-01;0,42401415987486624;Rural;INHAPIM;muito baixa;24020,0
MG;Mutum;1,0;56,0;86,0;429,1;429,1;202106;False;2021-06-01;0,482765087581111;Rural;MUTUM;muito baixa;26945,0
MG;Ipanema;1715,0;40052,0;79522,0;417067,15;243,19;202107;False;2021-07-01;0,21849201981287836;Rural;IPANEMA;muito alta;20133,0
MG;Pocrane;166,0;3891,0;10711,0;52772,54;317,91;202107;False;2021-07-01;0,3991764967727576;Rural;POCRANE;muito baixa;8288,0
MG;Taparuba;102,0;2750,0;5694,0;31473,34;308,56;202107;False;2021-07-01;0,5521198597386038;Urbana;TAPARUBA;muito baixa;3093,0
MG;Conceição de Ipanema;127,0;3342,0;7927,0;43231,01;340,4;202107;False;2021-07-01;0,658213644524237;Urbana;IPANEMA;muito baixa;4581,0
MG;Santana do Manhuaçu;222,0;5828,0;13426,0;70648,17;318,24;202107;False;2021-07-01;0,5173619202982987;Urbana;MANHUAÇU;muito baixa;8660,0
MG;Simonésia;295,0;7991,0;16446,0;87123,08;295,33;202107;False;2021-07-01;0,6121980544321783;Urbana;SIMONÉSIA;muito baixa;19834,0
MG;Manhuaçu;298,0;7844,0;17371,0;91172,03;305,95;202107;False;2021-07-01;0,1851735491492196;Rural;MANHUAÇU;muito baixa;92074,0
MG;Manhuaçu;8,0;159,0;446,0;2137,97;267,25;202107;False;2021-07-01;0,1851735491492196;Rural;MANHUAÇU;muito baixa;92074,0
MG;São José do Mantimento;113,0;3669,0;8743,0;49876,85;441,39;202107;False;2021-07-01;0,4409722222222222;Rural;MANTIMENTO;muito baixa;2821,0
MG;Reduto;20,0;406,0;1565,0;6075,89;303,79;202107;False;2021-07-01;0,4446643324706957;Rural;REDUTO;muito baixa;7247,0
MG;Aimorés;107,0;3013,0;6990,0;38006,77;355,2;202107;False;2021-07-01;0,21070555711366643;Rural;AIMORÉS;muito baixa;25116,0
MG;Expedicionário Alício;38,0;1064,0;2557,0;17062,55;449,01;202107;False;2021-07-01;0,21070555711366643;Rural;ALÍCIO;muito baixa;25116,0
MG;Conceição do Capim;22,0;567,0;1379,0;8160,41;370,93;202107;False;2021-07-01;0,21070555711366643;Rural;CAPIM;muito baixa;25116,0
MG;Penha do Capim;12,0;407,0;759,0;4450,08;370,84;202107;False;2021-07-01;0,21070555711366643;Rural;CAPIM;muito baixa;25116,0
MG;Resplendor;49,0;1254,0;3519,0;15465,89;315,63;202107;False;2021-07-01;0,2491076130844403;Rural;RESPLENDOR;muito baixa;17396,0
MG;Itueta;18,0;629,0;1140,0;5511,78;306,21;202107;False;2021-07-01;0,4341337907375643;Rural;ITUETA;muito baixa;6074,0
MG;Quatituba;26,0;748,0;2517,0;12977,84;499,15;202107;False;2021-07-01;0,4341337907375643;Rural;QUATITUBA;muito baixa;6074,0
ES;Baixo Guandu;46,0;678,0;1689,0;8532,63;185,49;202107;False;2021-07-01;0,2258863175269076;Rural;GUANDU;muito baixa;31263,0
MG;Caratinga;7,0;136,0;249,0;1510,43;215,78;202107;False;2021-07-01;0,1732188317554171;Rural;CARATINGA;muito baixa;93124,0
MG;SÃO JOÃO DO JACUTINGA;1,0;20,0;31,0;210,67;210,67;202107;False;2021-07-01;0,1732188317554171;Rural;JACUTINGA;muito baixa;93124,0
MG;SANTO ANTÔNIO DO MANHUAÇU;41,0;964,0;3050,0;14248,85;347,53;202107;False;2021-07-01;0,1732188317554171;Rural;MANHUAÇU;muito baixa;93124,0
MG;Santa Rita de Minas;2,0;20,0;30,0;305,68;152,84;202107;False;2021-07-01;0,27081105850007636;Rural;MINAS;muito baixa;7322,0
MG;Martins Soares;1,0;39,0;88,0;360,57;360,57;202107;False;2021-07-01;0,5919420047399973;Urbana;SOARES;muito baixa;8640,0
MG;Manhumirim;3,0;173,0;521,0;2634,91;878,3;202107;False;2021-07-01;0,2029276961930596;Rural;MANHUMIRIM;muito baixa;22894,0
MG;Mutum;1,0;46,0;67,0;318,51;318,51;202107;False;2021-07-01;0,482765087581111;Rural;MUTUM;muito baixa;26945,0
MG;Ipanema;1551,0;36648,0;72107,0;388092,39;250,22;202108;False;2021-08-01;0,21849201981287836;Rural;IPANEMA;muito alta;20133,0
MG;Pocrane;175,0;4002,0;11134,0;54976,17;314,15;202108;False;2021-08-01;0,3991764967727576;Rural;POCRANE;muito baixa;8288,0
MG;Taparuba;98,0;2692,0;5701,0;31283,42;319,22;202108;False;2021-08-01;0,5521198597386038;Urbana;TAPARUBA;muito baixa;3093,0
MG;Conceição de Ipanema;109,0;3236,0;7216,0;42278,27;387,87;202108;False;2021-08-01;0,658213644524237;Urbana;IPANEMA;muito baixa;4581,0
MG;Santana do Manhuaçu;222,0;5753,0;12674,0;67940,79;306,04;202108;False;2021-08-01;0,5173619202982987;Urbana;MANHUAÇU;muito baixa;8660,0
MG;Simonésia;294,0;7813,0;16314,0;83644,75;284,51;202108;False;2021-08-01;0,6121980544321783;Urbana;SIMONÉSIA;muito baixa;19834,0
MG;Manhuaçu;285,0;7016,0;15335,0;80700,65;283,16;202108;False;2021-08-01;0,1851735491492196;Rural;MANHUAÇU;muito baixa;92074,0
MG;Manhuaçu;9,0;168,0;419,0;2307,19;256,35;202108;False;2021-08-01;0,1851735491492196;Rural;MANHUAÇU;muito baixa;92074,0
MG;São José do Mantimento;94,0;2816,0;6334,0;37806,68;402,2;202108;False;2021-08-01;0,4409722222222222;Rural;MANTIMENTO;muito baixa;2821,0
MG;Reduto;20,0;347,0;1199,0;5027,95;251,4;202108;False;2021-08-01;0,4446643324706957;Rural;REDUTO;muito baixa;7247,0
MG;Aimorés;117,0;3041,0;6858,0;36667,71;313,4;202108;False;2021-08-01;0,21070555711366643;Rural;AIMORÉS;muito baixa;25116,0
MG;Expedicionário Alício;36,0;1186,0;2593,0;16752,15;465,34;202108;False;2021-08-01;0,21070555711366643;Rural;ALÍCIO;muito baixa;25116,0
MG;Conceição do Capim;34,0;673,0;1573,0;10659,89;313,53;202108;False;2021-08-01;0,21070555711366643;Rural;CAPIM;muito baixa;25116,0
MG;Penha do Capim;15,0;368,0;706,0;4177,54;278,5;202108;False;2021-08-01;0,21070555711366643;Rural;CAPIM;muito baixa;25116,0
MG;Resplendor;62,0;1296,0;3536,0;16192,7;261,17;202108;False;2021-08-01;0,2491076130844403;Rural;RESPLENDOR;muito baixa;17396,0
MG;Itueta;22,0;734,0;1142,0;6655,72;302,53;202108;False;2021-08-01;0,4341337907375643;Rural;ITUETA;muito baixa;6074,0
MG;Quatituba;32,0;731,0;2852,0;12746,98;398,34;202108;False;2021-08-01;0,4341337907375643;Rural;QUATITUBA;muito baixa;6074,0
ES;Baixo Guandu;49,0;772,0;1944,0;10526,08;214,82;202108;False;2021-08-01;0,2258863175269076;Rural;GUANDU;muito baixa;31263,0
MG;Caratinga;12,0;212,0;720,0;4101,35;341,78;202108;False;2021-08-01;0,1732188317554171;Rural;CARATINGA;muito baixa;93124,0
MG;SANTO ANTÔNIO DO MANHUAÇU;38,0;652,0;1823,0;9056,3;238,32;202108;False;2021-08-01;0,1732188317554171;Rural;MANHUAÇU;muito baixa;93124,0
MG;Piedade de Caratinga;2,0;85,0;209,0;1409,1;704,55;202108;False;2021-08-01;0,3527426160337553;Rural;CARATINGA;muito baixa;8832,0
MG;Santa Bárbara do Leste;9,0;24,0;349,0;1106,72;122,97;202108;False;2021-08-01;0,4826868003124186;Rural;LESTE;muito baixa;8212,0
MG;Santa Rita de Minas;1,0;12,0;23,0;109,95;109,95;202108;False;2021-08-01;0,27081105850007636;Rural;MINAS;muito baixa;7322,0
MG;Martins Soares;1,0;48,0;103,0;441,41;441,41;202108;False;2021-08-01;0,5919420047399973;Urbana;SOARES;muito baixa;8640,0
MG;Manhumirim;2,0;80,0;237,0;1270,94;635,47;202108;False;2021-08-01;0,2029276961930596;Rural;MANHUMIRIM;muito baixa;22894,0
MG;Ipanema;1601,0;35343,0;69034,0;376952,95;235,45;202109;False;2021-09-01;0,21849201981287836;Rural;IPANEMA;muito alta;20133,0
MG;Pocrane;174,0;3645,0;11344,0;53479,43;307,35;202109;False;2021-09-01;0,3991764967727576;Rural;POCRANE;muito baixa;8288,0
MG;Taparuba;100,0;2606,0;5858,0;32726,63;327,27;202109;False;2021-09-01;0,5521198597386038;Urbana;TAPARUBA;muito baixa;3093,0
MG;Conceição de Ipanema;105,0;2946,0;6551,0;40261,18;383,44;202109;False;2021-09-01;0,658213644524237;Urbana;IPANEMA;muito baixa;4581,0
MG;Santana do Manhuaçu;209,0;5802,0;12800,0;68539,26;327,94;202109;False;2021-09-01;0,5173619202982987;Urbana;MANHUAÇU;muito baixa;8660,0
MG;Simonésia;287,0;7673,0;16079,0;83602,56;291,3;202109;False;2021-09-01;0,6121980544321783;Urbana;SIMONÉSIA;muito baixa;19834,0
MG;Manhuaçu;250,0;6740,0;14902,0;80678,95;322,72;202109;False;2021-09-01;0,1851735491492196;Rural;MANHUAÇU;muito baixa;92074,0
MG;Manhuaçu;7,0;164,0;356,0;1914,26;273,47;202109;False;2021-09-01;0,1851735491492196;Rural;MANHUAÇU;muito baixa;92074,0
MG;São José do Mantimento;91,0;2673,0;6491,0;37542,27;412,55;202109;False;2021-09-01;0,4409722222222222;Rural;MANTIMENTO;muito baixa;2821,0
MG;Reduto;16,0;372,0;1150,0;5336,34;333,52;202109;False;2021-09-01;0,4446643324706957;Rural;REDUTO;muito baixa;7247,0
MG;Aimorés;126,0;3241,0;7453,0;42942,19;340,81;202109;False;2021-09-01;0,21070555711366643;Rural;AIMORÉS;muito baixa;25116,0
MG;Expedicionário Alício;47,0;1415,0;3806,0;23677,7;503,78;202109;False;2021-09-01;0,21070555711366643;Rural;ALÍCIO;muito baixa;25116,0
MG;Conceição do Capim;23,0;608,0;1416,0;8924,06;388,0;202109;False;2021-09-01;0,21070555711366643;Rural;CAPIM;muito baixa;25116,0
MG;Penha do Capim;24,0;497,0;1048,0;5698,31;237,43;202109;False;2021-09-01;0,21070555711366643;Rural;CAPIM;muito baixa;25116,0
MG;Resplendor;62,0;1120,0;3365,0;15777,73;254,48;202109;False;2021-09-01;0,2491076130844403;Rural;RESPLENDOR;muito baixa;17396,0
MG;Itueta;33,0;1081,0;2110,0;9869,77;299,08;202109;False;2021-09-01;0,4341337907375643;Rural;ITUETA;muito baixa;6074,0
MG;Quatituba;38,0;1135,0;3704,0;17827,59;469,15;202109;False;2021-09-01;0,4341337907375643;Rural;QUATITUBA;muito baixa;6074,0
ES;Baixo Guandu;52,0;638,0;1808,0;9687,83;186,3;202109;False;2021-09-01;0,2258863175269076;Rural;GUANDU;muito baixa;31263,0
MG;Caratinga;7,0;151,0;380,0;2478,3;354,04;202109;False;2021-09-01;0,1732188317554171;Rural;CARATINGA;muito baixa;93124,0
MG;SANTO ANTÔNIO DO MANHUAÇU;43,0;1046,0;2839,0;14422,41;335,4;202109;False;2021-09-01;0,1732188317554171;Rural;MANHUAÇU;muito baixa;93124,0
MG;Piedade de Caratinga;3,0;40,0;101,0;758,06;252,69;202109;False;2021-09-01;0,3527426160337553;Rural;CARATINGA;muito baixa;8832,0
MG;Santa Bárbara do Leste;11,0;46,0;263,0;1889,36;171,76;202109;False;2021-09-01;0,4826868003124186;Rural;LESTE;muito baixa;8212,0
MG;Santa Rita de Minas;2,0;23,0;51,0;259,31;129,66;202109;False;2021-09-01;0,27081105850007636;Rural;MINAS;muito baixa;7322,0
MG;Martins Soares;2,0;59,0;123,0;548,99;274,5;202109;False;2021-09-01;0,5919420047399973;Urbana;SOARES;muito baixa;8640,0
MG;Manhumirim;2,0;56,0;212,0;554,66;277,33;202109;False;2021-09-01;0,2029276961930596;Rural;MANHUMIRIM;muito baixa;22894,0
MG;Inhapim;2,0;54,0;74,0;631,05;315,53;202109;False;2021-09-01;0,42401415987486624;Rural;INHAPIM;muito baixa;24020,0
MG;Ipanema;1697,0;38464,0;76429,0;419609,2;247,27;202110;False;2021-10-01;0,21849201981287836;Rural;IPANEMA;muito alta;20133,0
MG;Pocrane;158,0;3336,0;10315,0;52723,6;333,69;202110;False;2021-10-01;0,3991764967727576;Rural;POCRANE;muito baixa;8288,0
MG;Taparuba;100,0;2698,0;5373,0;30057,46;300,57;202110;False;2021-10-01;0,5521198597386038;Urbana;TAPARUBA;muito baixa;3093,0
MG;Conceição de Ipanema;106,0;3278,0;7324,0;41519,69;391,7;202110;False;2021-10-01;0,658213644524237;Urbana;IPANEMA;muito baixa;4581,0
MG;Santana do Manhuaçu;232,0;6159,0;14206,0;73670,88;317,55;202110;False;2021-10-01;0,5173619202982987;Urbana;MANHUAÇU;muito baixa;8660,0
MG;Simonésia;274,0;7613,0;15581,0;80297,92;293,06;202110;False;2021-10-01;0,6121980544321783;Urbana;SIMONÉSIA;muito baixa;19834,0
MG;Manhuaçu;294,0;7298,0;17170,0;83674,41;284,61;202110;False;2021-10-01;0,1851735491492196;Rural;MANHUAÇU;muito baixa;92074,0
MG;Manhuaçu;9,0;200,0;478,0;2549,07;283,23;202110;False;2021-10-01;0,1851735491492196;Rural;MANHUAÇU;muito baixa;92074,0
MG;São José do Mantimento;92,0;2667,0;5961,0;35926,19;390,5;202110;False;2021-10-01;0,4409722222222222;Rural;MANTIMENTO;muito baixa;2821,0
MG;Reduto;17,0;377,0;1237,0;5054,57;297,33;202110;False;2021-10-01;0,4446643324706957;Rural;REDUTO;muito baixa;7247,0
MG;Aimorés;120,0;2578,0;6938,0;37338,65;311,16;202110;False;2021-10-01;0,21070555711366643;Rural;AIMORÉS;muito baixa;25116,0
MG;Expedicionário Alício;43,0;1184,0;3210,0;21408,47;497,87;202110;False;2021-10-01;0,21070555711366643;Rural;ALÍCIO;muito baixa;25116,0
MG;Conceição do Capim;28,0;567,0;1260,0;7649,76;273,21;202110;False;2021-10-01;0,21070555711366643;Rural;CAPIM;muito baixa;25116,0
MG;Penha do Capim;11,0;390,0;846,0;4518,17;410,74;202110;False;2021-10-01;0,21070555711366643;Rural;CAPIM;muito baixa;25116,0
MG;Resplendor;74,0;1608,0;4358,0;19787,7;267,4;202110;False;2021-10-01;0,2491076130844403;Rural;RESPLENDOR;muito baixa;17396,0
MG;Itueta;28,0;945,0;1761,0;9486,53;338,8;202110;False;2021-10-01;0,4341337907375643;Rural;ITUETA;muito baixa;6074,0
MG;Quatituba;43,0;1209,0;3325,0;18018,63;419,04;202110;False;2021-10-01;0,4341337907375643;Rural;QUATITUBA;muito baixa;6074,0
ES;Baixo Guandu;48,0;690,0;1756,0;9433,0;196,52;202110;False;2021-10-01;0,2258863175269076;Rural;GUANDU;muito baixa;31263,0
MG;Caratinga;7,0;78,0;212,0;1990,54;284,36;202110;False;2021-10-01;0,1732188317554171;Rural;CARATINGA;muito baixa;93124,0
MG;SANTO ANTÔNIO DO MANHUAÇU;39,0;791,0;2087,0;10415,55;267,07;202110;False;2021-10-01;0,1732188317554171;Rural;MANHUAÇU;muito baixa;93124,0
MG;Piedade de Caratinga;2,0;40,0;103,0;608,32;304,16;202110;False;2021-10-01;0,3527426160337553;Rural;CARATINGA;muito baixa;8832,0
MG;Santa Bárbara do Leste;17,0;113,0;505,0;4067,42;239,26;202110;False;2021-10-01;0,4826868003124186;Rural;LESTE;muito baixa;8212,0
MG;Santa Rita de Minas;3,0;47,0;147,0;630,02;210,01;202110;False;2021-10-01;0,27081105850007636;Rural;MINAS;muito baixa;7322,0
MG;Martins Soares;1,0;50,0;104,0;462,33;462,33;202110;False;2021-10-01;0,5919420047399973;Urbana;SOARES;muito baixa;8640,0
MG;Manhumirim;4,0;155,0;579,0;1872,83;468,21;202110;False;2021-10-01;0,2029276961930596;Rural;MANHUMIRIM;muito baixa;22894,0
MG;Ipanema;1570,0;35309,0;68608,0;379516,67;241,73;202111;False;2021-11-01;0,21849201981287836;Rural;IPANEMA;muito alta;20133,0
MG;Pocrane;143,0;2983,0;9738,0;45683,6;319,47;202111;False;2021-11-01;0,3991764967727576;Rural;POCRANE;muito baixa;8288,0
MG;Taparuba;102,0;2749,0;5796,0;32747,76;321,06;202111;False;2021-11-01;0,5521198597386038;Urbana;TAPARUBA;muito baixa;3093,0
MG;Conceição de Ipanema;106,0;3063,0;6929,0;39570,13;373,3;202111;False;2021-11-01;0,658213644524237;Urbana;IPANEMA;muito baixa;4581,0
MG;Santana do Manhuaçu;188,0;5354,0;11663,0;59964,18;318,96;202111;False;2021-11-01;0,5173619202982987;Urbana;MANHUAÇU;muito baixa;8660,0
MG;Simonésia;245,0;6539,0;13525,0;71678,0;292,56;202111;False;2021-11-01;0,6121980544321783;Urbana;SIMONÉSIA;muito baixa;19834,0
MG;Manhuaçu;183,0;4468,0;9749,0;50625,8;276,64;202111;False;2021-11-01;0,1851735491492196;Rural;MANHUAÇU;muito baixa;92074,0
MG;Manhuaçu;6,0;238,0;468,0;2751,55;458,59;202111;False;2021-11-01;0,1851735491492196;Rural;MANHUAÇU;muito baixa;92074,0
MG;São José do Mantimento;74,0;2220,0;5259,0;30602,91;413,55;202111;False;2021-11-01;0,4409722222222222;Rural;MANTIMENTO;muito baixa;2821,0
MG;Reduto;13,0;243,0;1062,0;3774,77;290,37;202111;False;2021-11-01;0,4446643324706957;Rural;REDUTO;muito baixa;7247,0
MG;Aimorés;121,0;3033,0;7865,0;43615,35;360,46;202111;False;2021-11-01;0,21070555711366643;Rural;AIMORÉS;muito baixa;25116,0
MG;Expedicionário Alício;41,0;1166,0;2954,0;18204,28;444,01;202111;False;2021-11-01;0,21070555711366643;Rural;ALÍCIO;muito baixa;25116,0
MG;Conceição do Capim;31,0;546,0;1040,0;7623,36;245,91;202111;False;2021-11-01;0,21070555711366643;Rural;CAPIM;muito baixa;25116,0
MG;Penha do Capim;20,0;510,0;957,0;6406,97;320,35;202111;False;2021-11-01;0,21070555711366643;Rural;CAPIM;muito baixa;25116,0
MG;Resplendor;76,0;1546,0;4092,0;20635,96;271,53;202111;False;2021-11-01;0,2491076130844403;Rural;RESPLENDOR;muito baixa;17396,0
MG;Itueta;32,0;1012,0;1980,0;10464,61;327,02;202111;False;2021-11-01;0,4341337907375643;Rural;ITUETA;muito baixa;6074,0
MG;Quatituba;41,0;1080,0;2713,0;14700,16;358,54;202111;False;2021-11-01;0,4341337907375643;Rural;QUATITUBA;muito baixa;6074,0
ES;Baixo Guandu;53,0;617,0;1648,0;9225,42;174,06;202111;False;2021-11-01;0,2258863175269076;Rural;GUANDU;muito baixa;31263,0
MG;Caratinga;10,0;125,0;473,0;3279,73;327,97;202111;False;2021-11-01;0,1732188317554171;Rural;CARATINGA;muito baixa;93124,0
MG;SANTO ANTÔNIO DO MANHUAÇU;34,0;834,0;2020,0;12049,09;354,39;202111;False;2021-11-01;0,1732188317554171;Rural;MANHUAÇU;muito baixa;93124,0
MG;Piedade de Caratinga;2,0;49,0;112,0;724,39;362,2;202111;False;2021-11-01;0,3527426160337553;Rural;CARATINGA;muito baixa;8832,0
MG;Santa Bárbara do Leste;11,0;66,0;387,0;2886,62;262,42;202111;False;2021-11-01;0,4826868003124186;Rural;LESTE;muito baixa;8212,0
MG;Santa Rita de Minas;4,0;65,0;198,0;908,71;227,18;202111;False;2021-11-01;0,27081105850007636;Rural;MINAS;muito baixa;7322,0
MG;Martins Soares;2,0;41,0;108,0;508,69;254,35;202111;False;2021-11-01;0,5919420047399973;Urbana;SOARES;muito baixa;8640,0
MG;Manhumirim;6,0;166,0;656,0;2487,78;414,63;202111;False;2021-11-01;0,2029276961930596;Rural;MANHUMIRIM;muito baixa;22894,0
MG;Ipanema;1775,0;38343,0;75493,0;430998,25;242,82;202112;False;2021-12-01;0,21849201981287836;Rural;IPANEMA;muito alta;20133,0
MG;Pocrane;175,0;3942,0;13936,0;68004,62;388,6;202112;False;2021-12-01;0,3991764967727576;Rural;POCRANE;muito baixa;8288,0
MG;Taparuba;110,0;3094,0;6303,0;35971,83;327,02;202112;False;2021-12-01;0,5521198597386038;Urbana;TAPARUBA;muito baixa;3093,0
MG;Conceição de Ipanema;109,0;3293,0;7511,0;44112,77;404,7;202112;False;2021-12-01;0,658213644524237;Urbana;IPANEMA;muito baixa;4581,0
MG;Santana do Manhuaçu;222,0;6322,0;13618,0;75876,92;341,79;202112;False;2021-12-01;0,5173619202982987;Urbana;MANHUAÇU;muito baixa;8660,0
MG;Simonésia;257,0;7402,0;14648,0;77225,76;300,49;202112;False;2021-12-01;0,6121980544321783;Urbana;SIMONÉSIA;muito baixa;19834,0
MG;Manhuaçu;161,0;3974,0;9793,0;53371,25;331,5;202112;False;2021-12-01;0,1851735491492196;Rural;MANHUAÇU;muito baixa;92074,0
MG;Manhuaçu;2,0;71,0;128,0;648,53;324,27;202112;False;2021-12-01;0,1851735491492196;Rural;MANHUAÇU;muito baixa;92074,0
MG;São José do Mantimento;88,0;2815,0;6133,0;37101,5;421,61;202112;False;2021-12-01;0,4409722222222222;Rural;MANTIMENTO;muito baixa;2821,0
MG;Reduto;13,0;245,0;1126,0;3956,47;304,34;202112;False;2021-12-01;0,4446643324706957;Rural;REDUTO;muito baixa;7247,0
MG;Aimorés;118,0;2919,0;7361,0;40863,52;346,3;202112;False;2021-12-01;0,21070555711366643;Rural;AIMORÉS;muito baixa;25116,0
MG;Expedicionário Alício;60,0;1709,0;4651,0;28530,77;475,51;202112;False;2021-12-01;0,21070555711366643;Rural;ALÍCIO;muito baixa;25116,0
MG;Conceição do Capim;28,0;639,0;1523,0;9843,34;351,55;202112;False;2021-12-01;0,21070555711366643;Rural;CAPIM;muito baixa;25116,0
MG;Penha do Capim;22,0;585,0;1238,0;8000,66;363,67;202112;False;2021-12-01;0,21070555711366643;Rural;CAPIM;muito baixa;25116,0
MG;Resplendor;68,0;1590,0;4519,0;25671,38;377,52;202112;False;2021-12-01;0,2491076130844403;Rural;RESPLENDOR;muito baixa;17396,0
MG;Itueta;34,0;1143,0;1993,0;12548,77;369,08;202112;False;2021-12-01;0,4341337907375643;Rural;ITUETA;muito baixa;6074,0
MG;Quatituba;42,0;1206,0;3072,0;18340,42;436,68;202112;False;2021-12-01;0,4341337907375643;Rural;QUATITUBA;muito baixa;6074,0
ES;Baixo Guandu;52,0;797,0;2058,0;12700,35;244,24;202112;False;2021-12-01;0,2258863175269076;Rural;GUANDU;muito baixa;31263,0
MG;Caratinga;7,0;57,0;310,0;2495,31;356,47;202112;False;2021-12-01;0,1732188317554171;Rural;CARATINGA;muito baixa;93124,0
MG;SANTO ANTÔNIO DO MANHUAÇU;37,0;832,0;2448,0;12842,59;347,1;202112;False;2021-12-01;0,1732188317554171;Rural;MANHUAÇU;muito baixa;93124,0
MG;Piedade de Caratinga;2,0;65,0;133,0;760,75;380,38;202112;False;2021-12-01;0,3527426160337553;Rural;CARATINGA;muito baixa;8832,0
MG;Santa Bárbara do Leste;7,0;82,0;492,0;2104,9;300,7;202112;False;2021-12-01;0,4826868003124186;Rural;LESTE;muito baixa;8212,0
MG;Santa Rita de Minas;3,0;70,0;182,0;786,25;262,08;202112;False;2021-12-01;0,27081105850007636;Rural;MINAS;muito baixa;7322,0
MG;Martins Soares;2,0;38,0;104,0;450,75;225,38;202112;False;2021-12-01;0,5919420047399973;Urbana;SOARES;muito baixa;8640,0
MG;Manhumirim;4,0;82,0;312,0;763,35;190,84;202112;False;2021-12-01;0,2029276961930596;Rural;MANHUMIRIM;muito baixa;22894,0
MG;Ipanema;1694,0;38553,0;76331,0;418279,2;246,92;202201;False;2022-01-01;0,21849201981287836;Rural;IPANEMA;muito alta;20133,0
MG;Pocrane;160,0;3462,0;11444,0;56039,8;350,25;202201;False;2022-01-01;0,3991764967727576;Rural;POCRANE;muito baixa;8288,0
MG;Taparuba;89,0;2664,0;5900,0;31682,53;355,98;202201;False;2022-01-01;0,5521198597386038;Urbana;TAPARUBA;muito baixa;3093,0
MG;Conceição de Ipanema;101,0;3044,0;6438,0;39751,89;393,58;202201;False;2022-01-01;0,658213644524237;Urbana;IPANEMA;muito baixa;4581,0
MG;Santana do Manhuaçu;177,0;4925,0;10866,0;57964,78;327,48;202201;False;2022-01-01;0,5173619202982987;Urbana;MANHUAÇU;muito baixa;8660,0
MG;Simonésia;243,0;6702,0;13272,0;70223,11;288,98;202201;False;2022-01-01;0,6121980544321783;Urbana;SIMONÉSIA;muito baixa;19834,0
MG;Manhuaçu;205,0;5220,0;12280,0;65973,39;321,82;202201;False;2022-01-01;0,1851735491492196;Rural;MANHUAÇU;muito baixa;92074,0
MG;Manhuaçu;4,0;53,0;225,0;1755,96;438,99;202201;False;2022-01-01;0,1851735491492196;Rural;MANHUAÇU;muito baixa;92074,0
MG;São José do Mantimento;75,0;2225,0;4991,0;31057,56;414,1;202201;False;2022-01-01;0,4409722222222222;Rural;MANTIMENTO;muito baixa;2821,0
MG;Reduto;10,0;186,0;807,0;2869,08;286,91;202201;False;2022-01-01;0,4446643324706957;Rural;REDUTO;muito baixa;7247,0
MG;Aimorés;127,0;2886,0;9153,0;48659,87;383,15;202201;False;2022-01-01;0,21070555711366643;Rural;AIMORÉS;muito baixa;25116,0
MG;Expedicionário Alício;52,0;1566,0;4693,0;26788,59;515,17;202201;False;2022-01-01;0,21070555711366643;Rural;ALÍCIO;muito baixa;25116,0
MG;Conceição do Capim;34,0;786,0;1693,0;10838,31;318,77;202201;False;2022-01-01;0,21070555711366643;Rural;CAPIM;muito baixa;25116,0
MG;Penha do Capim;22,0;580,0;1294,0;6927,85;314,9;202201;False;2022-01-01;0,21070555711366643;Rural;CAPIM;muito baixa;25116,0
MG;Resplendor;77,0;1616,0;4503,0;21486,89;279,05;202201;False;2022-01-01;0,2491076130844403;Rural;RESPLENDOR;muito baixa;17396,0
MG;Itueta;30,0;889,0;1793,0;10661,81;355,39;202201;False;2022-01-01;0,4341337907375643;Rural;ITUETA;muito baixa;6074,0
MG;Quatituba;33,0;925,0;2399,0;12870,58;390,02;202201;False;2022-01-01;0,4341337907375643;Rural;QUATITUBA;muito baixa;6074,0
ES;Baixo Guandu;62,0;913,0;2241,0;13892,6;224,07;202201;False;2022-01-01;0,2258863175269076;Rural;GUANDU;muito baixa;31263,0
MG;Caratinga;7,0;139,0;607,0;3156,59;450,94;202201;False;2022-01-01;0,1732188317554171;Rural;CARATINGA;muito baixa;93124,0
MG;SÃO JOÃO DO JACUTINGA;1,0;14,0;19,0;131,85;131,85;202201;False;2022-01-01;0,1732188317554171;Rural;JACUTINGA;muito baixa;93124,0
MG;SANTO ANTÔNIO DO MANHUAÇU;35,0;879,0;2479,0;12864,33;367,55;202201;False;2022-01-01;0,1732188317554171;Rural;MANHUAÇU;muito baixa;93124,0
MG;Piedade de Caratinga;3,0;36,0;103,0;730,13;243,38;202201;False;2022-01-01;0,3527426160337553;Rural;CARATINGA;muito baixa;8832,0
MG;Santa Bárbara do Leste;4,0;14,0;54,0;521,63;130,41;202201;False;2022-01-01;0,4826868003124186;Rural;LESTE;muito baixa;8212,0
MG;Santa Rita de Minas;1,0;13,0;31,0;149,95;149,95;202201;False;2022-01-01;0,27081105850007636;Rural;MINAS;muito baixa;7322,0
MG;Martins Soares;1,0;45,0;85,0;411,34;411,34;202201;False;2022-01-01;0,5919420047399973;Urbana;SOARES;muito baixa;8640,0
MG;Manhumirim;5,0;67,0;299,0;972,45;194,49;202201;False;2022-01-01;0,2029276961930596;Rural;MANHUMIRIM;muito baixa;22894,0
MG;Inhapim;1,0;58,0;64,0;472,78;472,78;202201;False;2022-01-01;0,42401415987486624;Rural;INHAPIM;muito baixa;24020,0
MG;Ipanema;1603,0;35968,0;71195,0;387342,2;241,64;202202;False;2022-02-01;0,21849201981287836;Rural;IPANEMA;muito alta;20133,0
MG;Pocrane;157,0;3084,0;11111,0;54957,03;350,04;202202;False;2022-02-01;0,3991764967727576;Rural;POCRANE;muito baixa;8288,0
MG;Taparuba;120,0;3280,0;6895,0;39671,54;330,6;202202;False;2022-02-01;0,5521198597386038;Urbana;TAPARUBA;muito baixa;3093,0
MG;Conceição de Ipanema;127,0;3968,0;9085,0;54381,34;428,2;202202;False;2022-02-01;0,658213644524237;Urbana;IPANEMA;muito baixa;4581,0
MG;Santana do Manhuaçu;191,0;5720,0;11803,0;67328,48;352,51;202202;False;2022-02-01;0,5173619202982987;Urbana;MANHUAÇU;muito baixa;8660,0
MG;Simonésia;265,0;7756,0;15440,0;82467,33;311,2;202202;False;2022-02-01;0,6121980544321783;Urbana;SIMONÉSIA;muito baixa;19834,0
MG;Manhuaçu;181,0;4679,0;11806,0;66019,95;364,75;202202;False;2022-02-01;0,1851735491492196;Rural;MANHUAÇU;muito baixa;92074,0
MG;Manhuaçu;6,0;168,0;299,0;1805,82;300,97;202202;False;2022-02-01;0,1851735491492196;Rural;MANHUAÇU;muito baixa;92074,0
MG;São José do Mantimento;68,0;2119,0;4738,0;29881,17;439,43;202202;False;2022-02-01;0,4409722222222222;Rural;MANTIMENTO;muito baixa;2821,0
MG;Reduto;11,0;249,0;978,0;3379,12;307,19;202202;False;2022-02-01;0,4446643324706957;Rural;REDUTO;muito baixa;7247,0
MG;Aimorés;129,0;3138,0;8251,0;40885,04;316,94;202202;False;2022-02-01;0,21070555711366643;Rural;AIMORÉS;muito baixa;25116,0
MG;Expedicionário Alício;64,0;1612,0;4272,0;26091,99;407,69;202202;False;2022-02-01;0,21070555711366643;Rural;ALÍCIO;muito baixa;25116,0
MG;Conceição do Capim;41,0;914,0;2175,0;14415,83;351,61;202202;False;2022-02-01;0,21070555711366643;Rural;CAPIM;muito baixa;25116,0
MG;Penha do Capim;16,0;352,0;748,0;4405,14;275,32;202202;False;2022-02-01;0,21070555711366643;Rural;CAPIM;muito baixa;25116,0
MG;Resplendor;76,0;1898,0;4542,0;23068,7;303,54;202202;False;2022-02-01;0,2491076130844403;Rural;RESPLENDOR;muito baixa;17396,0
MG;Itueta;26,0;885,0;1617,0;9743,26;374,74;202202;False;2022-02-01;0,4341337907375643;Rural;ITUETA;muito baixa;6074,0
MG;Quatituba;33,0;698,0;2157,0;11527,83;349,33;202202;False;2022-02-01;0,4341337907375643;Rural;QUATITUBA;muito baixa;6074,0
ES;Baixo Guandu;64,0;918,0;2320,0;13945,98;217,91;202202;False;2022-02-01;0,2258863175269076;Rural;GUANDU;muito baixa;31263,0
MG;Caratinga;8,0;157,0;549,0;3598,83;449,85;202202;False;2022-02-01;0,1732188317554171;Rural;CARATINGA;muito baixa;93124,0
MG;SANTO ANTÔNIO DO MANHUAÇU;32,0;642,0;1870,0;9516,7;297,4;202202;False;2022-02-01;0,1732188317554171;Rural;MANHUAÇU;muito baixa;93124,0
MG;Piedade de Caratinga;3,0;84,0;225,0;1586,19;528,73;202202;False;2022-02-01;0,3527426160337553;Rural;CARATINGA;muito baixa;8832,0
MG;Santa Bárbara do Leste;5,0;17,0;175,0;2160,51;432,1;202202;False;2022-02-01;0,4826868003124186;Rural;LESTE;muito baixa;8212,0
MG;Santa Rita de Minas;2,0;29,0;112,0;398,33;199,17;202202;False;2022-02-01;0,27081105850007636;Rural;MINAS;muito baixa;7322,0
MG;Martins Soares;1,0;17,0;62,0;191,51;191,51;202202;False;2022-02-01;0,5919420047399973;Urbana;SOARES;muito baixa;8640,0
MG;Manhumirim;5,0;172,0;524,0;1998,13;399,63;202202;False;2022-02-01;0,2029276961930596;Rural;MANHUMIRIM;muito baixa;22894,0
MG;Ipanema;1670,0;35807,0;72580,0;409355,3;245,12;202203;False;2022-03-01;0,21849201981287836;Rural;IPANEMA;muito alta;20133,0
MG;Pocrane;169,0;3754,0;11103,0;56497,47;334,3;202203;False;2022-03-01;0,3991764967727576;Rural;POCRANE;muito baixa;8288,0
MG;Taparuba;126,0;3095,0;7478,0;48100,02;381,75;202203;False;2022-03-01;0,5521198597386038;Urbana;TAPARUBA;muito baixa;3093,0
MG;Conceição de Ipanema;119,0;3648,0;7948,0;48801,92;410,1;202203;False;2022-03-01;0,658213644524237;Urbana;IPANEMA;muito baixa;4581,0
MG;Santana do Manhuaçu;198,0;5040,0;12104,0;67247,79;339,64;202203;False;2022-03-01;0,5173619202982987;Urbana;MANHUAÇU;muito baixa;8660,0
MG;Simonésia;307,0;7930,0;18210,0;99474,77;324,02;202203;False;2022-03-01;0,6121980544321783;Urbana;SIMONÉSIA;baixa;19834,0
MG;Manhuaçu;194,0;4630,0;10710,0;63426,23;326,94;202203;False;2022-03-01;0,1851735491492196;Rural;MANHUAÇU;muito baixa;92074,0
MG;Manhuaçu;3,0;69,0;153,0;1020,22;340,07;202203;False;2022-03-01;0,1851735491492196;Rural;MANHUAÇU;muito baixa;92074,0
MG;São José do Mantimento;81,0;2839,0;6019,0;37387,71;461,58;202203;False;2022-03-01;0,4409722222222222;Rural;MANTIMENTO;muito baixa;2821,0
MG;Reduto;9,0;190,0;866,0;2438,93;270,99;202203;False;2022-03-01;0,4446643324706957;Rural;REDUTO;muito baixa;7247,0
MG;Aimorés;161,0;4240,0;10792,0;57302,06;355,91;202203;False;2022-03-01;0,21070555711366643;Rural;AIMORÉS;muito baixa;25116,0
MG;Expedicionário Alício;67,0;1677,0;4885,0;32355,67;482,92;202203;False;2022-03-01;0,21070555711366643;Rural;ALÍCIO;muito baixa;25116,0
MG;Conceição do Capim;37,0;812,0;1830,0;13743,3;371,44;202203;False;2022-03-01;0,21070555711366643;Rural;CAPIM;muito baixa;25116,0
MG;Penha do Capim;29,0;670,0;1522,0;10459,15;360,66;202203;False;2022-03-01;0,21070555711366643;Rural;CAPIM;muito baixa;25116,0
MG;Resplendor;105,0;2544,0;6236,0;33571,69;319,73;202203;False;2022-03-01;0,2491076130844403;Rural;RESPLENDOR;muito baixa;17396,0
MG;Itueta;33,0;1039,0;2021,0;12097,81;366,6;202203;False;2022-03-01;0,4341337907375643;Rural;ITUETA;muito baixa;6074,0
MG;Quatituba;46,0;942,0;2908,0;14008,36;304,53;202203;False;2022-03-01;0,4341337907375643;Rural;QUATITUBA;muito baixa;6074,0
ES;Baixo Guandu;86,0;1511,0;4020,0;22796,78;265,08;202203;False;2022-03-01;0,2258863175269076;Rural;GUANDU;muito baixa;31263,0
MG;Caratinga;7,0;135,0;579,0;2441,33;348,76;202203;False;2022-03-01;0,1732188317554171;Rural;CARATINGA;muito baixa;93124,0
MG;SANTO ANTÔNIO DO MANHUAÇU;51,0;1049,0;3105,0;18675,64;366,19;202203;False;2022-03-01;0,1732188317554171;Rural;MANHUAÇU;muito baixa;93124,0
MG;Piedade de Caratinga;5,0;73,0;175,0;986,98;197,4;202203;False;2022-03-01;0,3527426160337553;Rural;CARATINGA;muito baixa;8832,0
MG;Santa Bárbara do Leste;7,0;22,0;301,0;722,06;103,15;202203;False;2022-03-01;0,4826868003124186;Rural;LESTE;muito baixa;8212,0
MG;Santa Rita de Minas;2,0;39,0;102,0;564,11;282,06;202203;False;2022-03-01;0,27081105850007636;Rural;MINAS;muito baixa;7322,0
MG;Martins Soares;2,0;75,0;162,0;699,72;349,86;202203;False;2022-03-01;0,5919420047399973;Urbana;SOARES;muito baixa;8640,0
MG;Manhumirim;8,0;198,0;679,0;3662,32;457,79;202203;False;2022-03-01;0,2029276961930596;Rural;MANHUMIRIM;muito baixa;22894,0
MG;Inhapim;2,0;46,0;51,0;431,46;215,73;202203;False;2022-03-01;0,42401415987486624;Rural;INHAPIM;muito baixa;24020,0
MG;Ipanema;1613,0;36111,0;72194,0;426195,96;264,23;202204;False;2022-04-01;0,21849201981287836;Rural;IPANEMA;muito alta;20133,0
MG;Pocrane;157,0;3233,0;10413,0;56194,8;357,93;202204;False;2022-04-01;0,3991764967727576;Rural;POCRANE;muito baixa;8288,0
MG;Taparuba;120,0;3536,0;6915,0;44749,57;372,91;202204;False;2022-04-01;0,5521198597386038;Urbana;TAPARUBA;muito baixa;3093,0
MG;Conceição de Ipanema;107,0;3251,0;6736,0;43754,91;408,92;202204;False;2022-04-01;0,658213644524237;Urbana;IPANEMA;muito baixa;4581,0
MG;Santana do Manhuaçu;198,0;5527,0;12263,0;71958,87;363,43;202204;False;2022-04-01;0,5173619202982987;Urbana;MANHUAÇU;muito baixa;8660,0
MG;Simonésia;279,0;7638,0;16793,0;94654,16;339,26;202204;False;2022-04-01;0,6121980544321783;Urbana;SIMONÉSIA;baixa;19834,0
MG;Manhuaçu;157,0;4330,0;8848,0;51818,02;330,05;202204;False;2022-04-01;0,1851735491492196;Rural;MANHUAÇU;muito baixa;92074,0
MG;Manhuaçu;2,0;54,0;162,0;904,17;452,09;202204;False;2022-04-01;0,1851735491492196;Rural;MANHUAÇU;muito baixa;92074,0
MG;São José do Mantimento;68,0;2458,0;5062,0;35139,15;516,75;202204;False;2022-04-01;0,4409722222222222;Rural;MANTIMENTO;muito baixa;2821,0
MG;Reduto;6,0;146,0;692,0;2119,78;353,3;202204;False;2022-04-01;0,4446643324706957;Rural;REDUTO;muito baixa;7247,0
MG;Aimorés;145,0;3817,0;9844,0;55231,33;380,91;202204;False;2022-04-01;0,21070555711366643;Rural;AIMORÉS;muito baixa;25116,0
MG;Expedicionário Alício;61,0;1501,0;4878,0;30839,41;505,56;202204;False;2022-04-01;0,21070555711366643;Rural;ALÍCIO;muito baixa;25116,0
MG;Conceição do Capim;41,0;1072,0;2118,0;15612,77;380,8;202204;False;2022-04-01;0,21070555711366643;Rural;CAPIM;muito baixa;25116,0
MG;Penha do Capim;25,0;792,0;1690,0;10524,69;420,99;202204;False;2022-04-01;0,21070555711366643;Rural;CAPIM;muito baixa;25116,0
MG;Resplendor;91,0;1969,0;4943,0;27027,71;297,01;202204;False;2022-04-01;0,2491076130844403;Rural;RESPLENDOR;muito baixa;17396,0
MG;Itueta;38,0;1122,0;2000,0;11761,3;309,51;202204;False;2022-04-01;0,4341337907375643;Rural;ITUETA;muito baixa;6074,0
MG;Quatituba;42,0;1040,0;2717,0;16155,73;384,66;202204;False;2022-04-01;0,4341337907375643;Rural;QUATITUBA;muito baixa;6074,0
ES;Baixo Guandu;69,0;1444,0;3549,0;19903,21;288,45;202204;False;2022-04-01;0,2258863175269076;Rural;GUANDU;muito baixa;31263,0
MG;Caratinga;8,0;80,0;222,0;1739,01;217,38;202204;False;2022-04-01;0,1732188317554171;Rural;CARATINGA;muito baixa;93124,0
MG;SÃO JOÃO DO JACUTINGA;1,0;50,0;167,0;881,34;881,34;202204;False;2022-04-01;0,1732188317554171;Rural;JACUTINGA;muito baixa;93124,0
MG;SANTO ANTÔNIO DO MANHUAÇU;43,0;930,0;2706,0;15535,68;361,29;202204;False;2022-04-01;0,1732188317554171;Rural;MANHUAÇU;muito baixa;93124,0
MG;Piedade de Caratinga;4,0;66,0;162,0;1277,97;319,49;202204;False;2022-04-01;0,3527426160337553;Rural;CARATINGA;muito baixa;8832,0
MG;Santa Bárbara do Leste;5,0;21,0;126,0;404,12;80,82;202204;False;2022-04-01;0,4826868003124186;Rural;LESTE;muito baixa;8212,0
MG;Santa Rita de Minas;2,0;40,0;119,0;548,1;274,05;202204;False;2022-04-01;0,27081105850007636;Rural;MINAS;muito baixa;7322,0
MG;Martins Soares;1,0;58,0;133,0;667,75;667,75;202204;False;2022-04-01;0,5919420047399973;Urbana;SOARES;muito baixa;8640,0
MG;Manhumirim;2,0;32,0;122,0;347,41;173,71;202204;False;2022-04-01;0,2029276961930596;Rural;MANHUMIRIM;muito baixa;22894,0
MG;Inhapim;1,0;5,0;12,0;158,23;158,23;202204;False;2022-04-01;0,42401415987486624;Rural;INHAPIM;muito baixa;24020,0
MG;Ipanema;1557,0;34184,0;69866,0;421077,23;270,44;202205;False;2022-05-01;0,21849201981287836;Rural;IPANEMA;muito alta;20133,0
MG;Pocrane;169,0;3635,0;10505,0;59286,81;350,81;202205;False;2022-05-01;0,3991764967727576;Rural;POCRANE;muito baixa;8288,0
MG;Taparuba;93,0;2726,0;5573,0;36513,13;392,61;202205;False;2022-05-01;0,5521198597386038;Urbana;TAPARUBA;muito baixa;3093,0
MG;Conceição de Ipanema;119,0;3779,0;7891,0;52160,23;438,32;202205;False;2022-05-01;0,658213644524237;Urbana;IPANEMA;muito baixa;4581,0
MG;Santana do Manhuaçu;185,0;5557,0;12139,0;76441,16;413,2;202205;False;2022-05-01;0,5173619202982987;Urbana;MANHUAÇU;muito baixa;8660,0
MG;Simonésia;317,0;8460,0;18064,0;103158,71;325,42;202205;False;2022-05-01;0,6121980544321783;Urbana;SIMONÉSIA;baixa;19834,0
MG;Manhuaçu;188,0;4397,0;9590,0;58716,88;312,32;202205;False;2022-05-01;0,1851735491492196;Rural;MANHUAÇU;muito baixa;92074,0
MG;Manhuaçu;1,0;31,0;70,0;469,91;469,91;202205;False;2022-05-01;0,1851735491492196;Rural;MANHUAÇU;muito baixa;92074,0
MG;São José do Mantimento;54,0;2016,0;4140,0;29453,67;545,44;202205;False;2022-05-01;0,4409722222222222;Rural;MANTIMENTO;muito baixa;2821,0
MG;Reduto;12,0;218,0;941,0;3591,68;299,31;202205;False;2022-05-01;0,4446643324706957;Rural;REDUTO;muito baixa;7247,0
MG;Aimorés;141,0;3626,0;8501,0;52409,24;371,7;202205;False;2022-05-01;0,21070555711366643;Rural;AIMORÉS;muito baixa;25116,0
MG;Expedicionário Alício;68,0;1943,0;5433,0;38553,59;566,96;202205;False;2022-05-01;0,21070555711366643;Rural;ALÍCIO;muito baixa;25116,0
MG;Conceição do Capim;42,0;1004,0;2026,0;15681,3;373,36;202205;False;2022-05-01;0,21070555711366643;Rural;CAPIM;muito baixa;25116,0
MG;Penha do Capim;28,0;815,0;1877,0;12422,28;443,65;202205;False;2022-05-01;0,21070555711366643;Rural;CAPIM;muito baixa;25116,0
MG;Resplendor;100,0;2414,0;6008,0;33685,09;336,85;202205;False;2022-05-01;0,2491076130844403;Rural;RESPLENDOR;muito baixa;17396,0
MG;Itueta;39,0;1352,0;2382,0;15392,58;394,68;202205;False;2022-05-01;0,4341337907375643;Rural;ITUETA;muito baixa;6074,0
MG;Quatituba;42,0;991,0;2941,0;16447,58;391,61;202205;False;2022-05-01;0,4341337907375643;Rural;QUATITUBA;muito baixa;6074,0
ES;Baixo Guandu;66,0;1263,0;3220,0;18703,53;283,39;202205;False;2022-05-01;0,2258863175269076;Rural;GUANDU;muito baixa;31263,0
MG;Caratinga;3,0;82,0;286,0;1599,18;533,06;202205;False;2022-05-01;0,1732188317554171;Rural;CARATINGA;muito baixa;93124,0
MG;SÃO JOÃO DO JACUTINGA;1,0;66,0;122,0;688,17;688,17;202205;False;2022-05-01;0,1732188317554171;Rural;JACUTINGA;muito baixa;93124,0
MG;SANTO ANTÔNIO DO MANHUAÇU;54,0;1108,0;2921,0;17875,84;331,03;202205;False;2022-05-01;0,1732188317554171;Rural;MANHUAÇU;muito baixa;93124,0
MG;Piedade de Caratinga;8,0;135,0;289,0;1826,54;228,32;202205;False;2022-05-01;0,3527426160337553;Rural;CARATINGA;muito baixa;8832,0
MG;Santa Bárbara do Leste;7,0;23,0;249,0;511,03;73,0;202205;False;2022-05-01;0,4826868003124186;Rural;LESTE;muito baixa;8212,0
MG;Santa Rita de Minas;4,0;76,0;228,0;1146,42;286,61;202205;False;2022-05-01;0,27081105850007636;Rural;MINAS;muito baixa;7322,0
MG;Martins Soares;1,0;36,0;75,0;223,3;223,3;202205;False;2022-05-01;0,5919420047399973;Urbana;SOARES;muito baixa;8640,0
MG;Manhumirim;1,0;75,0;188,0;1017,13;1017,13;202205;False;2022-05-01;0,2029276961930596;Rural;MANHUMIRIM;muito baixa;22894,0
MG;Ipanema;1544,0;35371,0;68117,0;440387,51;285,23;202206;False;2022-06-01;0,21849201981287836;Rural;IPANEMA;muito alta;20133,0
MG;Pocrane;159,0;3534,0;10733,0;60956,37;383,37;202206;False;2022-06-01;0,3991764967727576;Rural;POCRANE;muito baixa;8288,0
MG;Taparuba;94,0;2882,0;6278,0;40607,51;431,99;202206;False;2022-06-01;0,5521198597386038;Urbana;TAPARUBA;muito baixa;3093,0
MG;Conceição de Ipanema;114,0;3413,0;7730,0;50687,25;444,63;202206;False;2022-06-01;0,658213644524237;Urbana;IPANEMA;muito baixa;4581,0
MG;Santana do Manhuaçu;194,0;5296,0;11422,0;75672,79;390,07;202206;False;2022-06-01;0,5173619202982987;Urbana;MANHUAÇU;muito baixa;8660,0
MG;Simonésia;308,0;8448,0;17125,0;105921,19;343,9;202206;False;2022-06-01;0,6121980544321783;Urbana;SIMONÉSIA;baixa;19834,0
MG;Manhuaçu;172,0;4127,0;9219,0;58545,43;340,38;202206;False;2022-06-01;0,1851735491492196;Rural;MANHUAÇU;muito baixa;92074,0
MG;Manhuaçu;2,0;53,0;104,0;705,64;352,82;202206;False;2022-06-01;0,1851735491492196;Rural;MANHUAÇU;muito baixa;92074,0
MG;São José do Mantimento;63,0;2252,0;4657,0;34224,52;543,25;202206;False;2022-06-01;0,4409722222222222;Rural;MANTIMENTO;muito baixa;2821,0
MG;Reduto;11,0;292,0;945,0;4638,07;421,64;202206;False;2022-06-01;0,4446643324706957;Rural;REDUTO;muito baixa;7247,0
MG;Aimorés;137,0;3684,0;8720,0;52596,06;383,91;202206;False;2022-06-01;0,21070555711366643;Rural;AIMORÉS;muito baixa;25116,0
MG;Expedicionário Alício;61,0;1835,0;4959,0;33989,81;557,21;202206;False;2022-06-01;0,21070555711366643;Rural;ALÍCIO;muito baixa;25116,0
MG;Conceição do Capim;29,0;801,0;1677,0;11756,14;405,38;202206;False;2022-06-01;0,21070555711366643;Rural;CAPIM;muito baixa;25116,0
MG;Penha do Capim;25,0;668,0;1425,0;9104,24;364,17;202206;False;2022-06-01;0,21070555711366643;Rural;CAPIM;muito baixa;25116,0
MG;Resplendor;106,0;2748,0;6724,0;38729,13;365,37;202206;False;2022-06-01;0,2491076130844403;Rural;RESPLENDOR;muito baixa;17396,0
MG;Itueta;39,0;1243,0;2224,0;14722,56;377,5;202206;False;2022-06-01;0,4341337907375643;Rural;ITUETA;muito baixa;6074,0
MG;Quatituba;46,0;1165,0;3258,0;18248,94;396,72;202206;False;2022-06-01;0,4341337907375643;Rural;QUATITUBA;muito baixa;6074,0
ES;Baixo Guandu;72,0;1500,0;3443,0;20784,19;288,67;202206;False;2022-06-01;0,2258863175269076;Rural;GUANDU;muito baixa;31263,0
MG;Caratinga;22,0;228,0;727,0;4472,54;203,3;202206;False;2022-06-01;0,1732188317554171;Rural;CARATINGA;muito baixa;93124,0
MG;SÃO JOÃO DO JACUTINGA;4,0;146,0;310,0;1846,24;461,56;202206;False;2022-06-01;0,1732188317554171;Rural;JACUTINGA;muito baixa;93124,0
MG;SANTO ANTÔNIO DO MANHUAÇU;40,0;1000,0;3040,0;18684,88;467,12;202206;False;2022-06-01;0,1732188317554171;Rural;MANHUAÇU;muito baixa;93124,0
MG;Piedade de Caratinga;16,0;222,0;816,0;4153,46;259,59;202206;False;2022-06-01;0,3527426160337553;Rural;CARATINGA;muito baixa;8832,0
MG;Santa Bárbara do Leste;7,0;23,0;154,0;465,47;66,5;202206;False;2022-06-01;0,4826868003124186;Rural;LESTE;muito baixa;8212,0
MG;Santa Rita de Minas;3,0;82,0;223,0;1235,24;411,75;202206;False;2022-06-01;0,27081105850007636;Rural;MINAS;muito baixa;7322,0
MG;Martins Soares;1,0;27,0;67,0;257,97;257,97;202206;False;2022-06-01;0,5919420047399973;Urbana;SOARES;muito baixa;8640,0
MG;Manhumirim;2,0;144,0;333,0;2375,13;1187,57;202206;False;2022-06-01;0,2029276961930596;Rural;MANHUMIRIM;muito baixa;22894,0
MG;Ubaporanga;1,0;37,0;58,0;439,84;439,84;202206;False;2022-06-01;0,4656146179401993;Rural;UBAPORANGA;muito baixa;12514,0
MG;Ipanema;1567,0;35210,0;70392,0;449528,07;286,87;202207;False;2022-07-01;0,21849201981287836;Rural;IPANEMA;muito alta;20133,0
MG;Pocrane;181,0;3874,0;12329,0;73585,93;406,55;202207;False;2022-07-01;0,3991764967727576;Rural;POCRANE;muito baixa;8288,0
MG;Taparuba;97,0;2922,0;5922,0;39319,86;405,36;202207;False;2022-07-01;0,5521198597386038;Urbana;TAPARUBA;muito baixa;3093,0
MG;Conceição de Ipanema;122,0;3586,0;7447,0;52054,44;426,68;202207;False;2022-07-01;0,658213644524237;Urbana;IPANEMA;muito baixa;4581,0
MG;Santana do Manhuaçu;187,0;4938,0;11539,0;72024,09;385,16;202207;False;2022-07-01;0,5173619202982987;Urbana;MANHUAÇU;muito baixa;8660,0
MG;Simonésia;300,0;8158,0;16720,0;102434,68;341,45;202207;False;2022-07-01;0,6121980544321783;Urbana;SIMONÉSIA;baixa;19834,0
MG;Manhuaçu;160,0;3840,0;8698,0;53343,62;333,4;202207;False;2022-07-01;0,1851735491492196;Rural;MANHUAÇU;muito baixa;92074,0
MG;Manhuaçu;2,0;67,0;148,0;1028,36;514,18;202207;False;2022-07-01;0,1851735491492196;Rural;MANHUAÇU;muito baixa;92074,0
MG;São José do Mantimento;78,0;2662,0;5603,0;39620,55;507,96;202207;False;2022-07-01;0,4409722222222222;Rural;MANTIMENTO;muito baixa;2821,0
MG;Reduto;15,0;328,0;1208,0;5362,48;357,5;202207;False;2022-07-01;0,4446643324706957;Rural;REDUTO;muito baixa;7247,0
MG;Aimorés;143,0;3737,0;8985,0;52742,84;368,83;202207;False;2022-07-01;0,21070555711366643;Rural;AIMORÉS;muito baixa;25116,0
MG;Expedicionário Alício;58,0;1719,0;4867,0;31010,42;534,66;202207;False;2022-07-01;0,21070555711366643;Rural;ALÍCIO;muito baixa;25116,0
MG;Conceição do Capim;29,0;951,0;1993,0;14303,73;493,23;202207;False;2022-07-01;0,21070555711366643;Rural;CAPIM;muito baixa;25116,0
MG;Penha do Capim;24,0;810,0;2370,0;16012,73;667,2;202207;False;2022-07-01;0,21070555711366643;Rural;CAPIM;muito baixa;25116,0
MG;Resplendor;117,0;2587,0;6393,0;37292,03;318,74;202207;False;2022-07-01;0,2491076130844403;Rural;RESPLENDOR;muito baixa;17396,0
MG;Itueta;62,0;1690,0;3225,0;22757,43;367,06;202207;False;2022-07-01;0,4341337907375643;Rural;ITUETA;muito baixa;6074,0
MG;Quatituba;53,0;1064,0;3212,0;19682,0;371,36;202207;False;2022-07-01;0,4341337907375643;Rural;QUATITUBA;muito baixa;6074,0
ES;Baixo Guandu;75,0;1256,0;3624,0;19363,74;258,18;202207;False;2022-07-01;0,2258863175269076;Rural;GUANDU;muito baixa;31263,0
MG;Caratinga;14,0;209,0;495,0;2677,65;191,26;202207;False;2022-07-01;0,1732188317554171;Rural;CARATINGA;muito baixa;93124,0
MG;SÃO JOÃO DO JACUTINGA;5,0;253,0;453,0;2788,41;557,68;202207;False;2022-07-01;0,1732188317554171;Rural;JACUTINGA;muito baixa;93124,0
MG;SANTO ANTÔNIO DO MANHUAÇU;47,0;1051,0;3040,0;17663,69;375,82;202207;False;2022-07-01;0,1732188317554171;Rural;MANHUAÇU;muito baixa;93124,0
MG;Piedade de Caratinga;9,0;89,0;335,0;1766,78;196,31;202207;False;2022-07-01;0,3527426160337553;Rural;CARATINGA;muito baixa;8832,0
MG;Santa Bárbara do Leste;5,0;21,0;249,0;382,37;76,47;202207;False;2022-07-01;0,4826868003124186;Rural;LESTE;muito baixa;8212,0
MG;Santa Rita de Minas;2,0;27,0;119,0;523,37;261,69;202207;False;2022-07-01;0,27081105850007636;Rural;MINAS;muito baixa;7322,0
MG;Martins Soares;4,0;171,0;395,0;1980,02;495,01;202207;False;2022-07-01;0,5919420047399973;Urbana;SOARES;muito baixa;8640,0
MG;Inhapim;1,0;47,0;64,0;505,19;505,19;202207;False;2022-07-01;0,42401415987486624;Rural;INHAPIM;muito baixa;24020,0
MG;Ipanema;1628,0;35829,0;71811,0;454564,16;279,22;202208;False;2022-08-01;0,21849201981287836;Rural;IPANEMA;muito alta;20133,0
MG;Pocrane;164,0;3654,0;11126,0;61941,84;377,69;202208;False;2022-08-01;0,3991764967727576;Rural;POCRANE;muito baixa;8288,0
MG;Taparuba;97,0;2865,0;6363,0;41548,08;428,33;202208;False;2022-08-01;0,5521198597386038;Urbana;TAPARUBA;muito baixa;3093,0
MG;Conceição de Ipanema;121,0;3575,0;7945,0;54164,83;447,64;202208;False;2022-08-01;0,658213644524237;Urbana;IPANEMA;muito baixa;4581,0
MG;Santana do Manhuaçu;171,0;4820,0;10410,0;66162,48;386,92;202208;False;2022-08-01;0,5173619202982987;Urbana;MANHUAÇU;muito baixa;8660,0
MG;Simonésia;279,0;7903,0;16843,0;99532,6;356,75;202208;False;2022-08-01;0,6121980544321783;Urbana;SIMONÉSIA;baixa;19834,0
MG;Manhuaçu;202,0;4501,0;9854,0;63425,96;313,99;202208;False;2022-08-01;0,1851735491492196;Rural;MANHUAÇU;muito baixa;92074,0
MG;Manhuaçu;2,0;91,0;187,0;1098,21;549,11;202208;False;2022-08-01;0,1851735491492196;Rural;MANHUAÇU;muito baixa;92074,0
MG;São José do Mantimento;69,0;2430,0;5103,0;36810,86;533,49;202208;False;2022-08-01;0,4409722222222222;Rural;MANTIMENTO;muito baixa;2821,0
MG;Reduto;10,0;310,0;1001,0;4292,16;429,22;202208;False;2022-08-01;0,4446643324706957;Rural;REDUTO;muito baixa;7247,0
MG;Aimorés;155,0;4347,0;10511,0;62971,43;406,27;202208;False;2022-08-01;0,21070555711366643;Rural;AIMORÉS;muito baixa;25116,0
MG;Expedicionário Alício;66,0;1881,0;5628,0;36462,45;552,46;202208;False;2022-08-01;0,21070555711366643;Rural;ALÍCIO;muito baixa;25116,0
MG;Conceição do Capim;26,0;583,0;1151,0;9663,35;371,67;202208;False;2022-08-01;0,21070555711366643;Rural;CAPIM;muito baixa;25116,0
MG;Penha do Capim;30,0;892,0;2285,0;17281,64;576,05;202208;False;2022-08-01;0,21070555711366643;Rural;CAPIM;muito baixa;25116,0
MG;Resplendor;141,0;3253,0;7629,0;46460,34;329,51;202208;False;2022-08-01;0,2491076130844403;Rural;RESPLENDOR;muito baixa;17396,0
MG;Itueta;62,0;1794,0;3510,0;24348,62;392,72;202208;False;2022-08-01;0,4341337907375643;Rural;ITUETA;muito baixa;6074,0
MG;Quatituba;45,0;911,0;2694,0;16955,91;376,8;202208;False;2022-08-01;0,4341337907375643;Rural;QUATITUBA;muito baixa;6074,0
ES;Baixo Guandu;85,0;1432,0;3822,0;23411,16;275,43;202208;False;2022-08-01;0,2258863175269076;Rural;GUANDU;muito baixa;31263,0
MG;Caratinga;13,0;152,0;1117,0;4813,33;370,26;202208;False;2022-08-01;0,1732188317554171;Rural;CARATINGA;muito baixa;93124,0
MG;SÃO JOÃO DO JACUTINGA;4,0;223,0;373,0;2239,42;559,86;202208;False;2022-08-01;0,1732188317554171;Rural;JACUTINGA;muito baixa;93124,0
MG;SANTO ANTÔNIO DO MANHUAÇU;55,0;1089,0;3061,0;20466,07;372,11;202208;False;2022-08-01;0,1732188317554171;Rural;MANHUAÇU;muito baixa;93124,0
MG;Piedade de Caratinga;6,0;90,0;249,0;1454,63;242,44;202208;False;2022-08-01;0,3527426160337553;Rural;CARATINGA;muito baixa;8832,0
MG;Santa Bárbara do Leste;15,0;140,0;696,0;2198,07;146,54;202208;False;2022-08-01;0,4826868003124186;Rural;LESTE;muito baixa;8212,0
MG;Santa Rita de Minas;2,0;50,0;140,0;835,76;417,88;202208;False;2022-08-01;0,27081105850007636;Rural;MINAS;muito baixa;7322,0
MG;Martins Soares;3,0;85,0;141,0;869,8;289,93;202208;False;2022-08-01;0,5919420047399973;Urbana;SOARES;muito baixa;8640,0
MG;Inhapim;3,0;49,0;101,0;795,92;265,31;202208;False;2022-08-01;0,42401415987486624;Rural;INHAPIM;muito baixa;24020,0
MG;Ipanema;1567,0;34911,0;68617,0;431692,51;275,49;202209;False;2022-09-01;0,21849201981287836;Rural;IPANEMA;muito alta;20133,0
MG;Pocrane;177,0;3869,0;11150,0;67501,99;381,37;202209;False;2022-09-01;0,3991764967727576;Rural;POCRANE;muito baixa;8288,0
MG;Taparuba;105,0;3080,0;6353,0;43364,51;413,0;202209;False;2022-09-01;0,5521198597386038;Urbana;TAPARUBA;muito baixa;3093,0
MG;Conceição de Ipanema;105,0;3440,0;7178,0;49139,56;468,0;202209;False;2022-09-01;0,658213644524237;Urbana;IPANEMA;muito baixa;4581,0
MG;Santana do Manhuaçu;148,0;4284,0;9384,0;59835,96;404,3;202209;False;2022-09-01;0,5173619202982987;Urbana;MANHUAÇU;muito baixa;8660,0
MG;Simonésia;240,0;7385,0;16215,0;93997,28;391,66;202209;False;2022-09-01;0,6121980544321783;Urbana;SIMONÉSIA;baixa;19834,0
MG;Manhuaçu;184,0;4540,0;10527,0;67378,86;366,19;202209;False;2022-09-01;0,1851735491492196;Rural;MANHUAÇU;muito baixa;92074,0
MG;Manhuaçu;2,0;47,0;111,0;869,56;434,78;202209;False;2022-09-01;0,1851735491492196;Rural;MANHUAÇU;muito baixa;92074,0
MG;São José do Mantimento;58,0;2259,0;4296,0;30598,09;527,55;202209;False;2022-09-01;0,4409722222222222;Rural;MANTIMENTO;muito baixa;2821,0
MG;Reduto;10,0;185,0;871,0;3336,9;333,69;202209;False;2022-09-01;0,4446643324706957;Rural;REDUTO;muito baixa;7247,0
MG;Aimorés;135,0;3776,0;9204,0;55346,67;409,98;202209;False;2022-09-01;0,21070555711366643;Rural;AIMORÉS;muito baixa;25116,0
MG;Expedicionário Alício;67,0;1908,0;5893,0;40680,15;607,17;202209;False;2022-09-01;0,21070555711366643;Rural;ALÍCIO;muito baixa;25116,0
MG;Conceição do Capim;37,0;924,0;1725,0;13053,8;352,81;202209;False;2022-09-01;0,21070555711366643;Rural;CAPIM;muito baixa;25116,0
MG;Penha do Capim;29,0;575,0;1590,0;11429,42;394,12;202209;False;2022-09-01;0,21070555711366643;Rural;CAPIM;muito baixa;25116,0
MG;Resplendor;135,0;3013,0;7331,0;45554,9;337,44;202209;False;2022-09-01;0,2491076130844403;Rural;RESPLENDOR;muito baixa;17396,0
MG;Itueta;65,0;2167,0;4156,0;29771,57;458,02;202209;False;2022-09-01;0,4341337907375643;Rural;ITUETA;muito baixa;6074,0
MG;Quatituba;47,0;1142,0;3158,0;19235,78;409,27;202209;False;2022-09-01;0,4341337907375643;Rural;QUATITUBA;muito baixa;6074,0
ES;Baixo Guandu;92,0;2043,0;4911,0;30551,84;332,09;202209;False;2022-09-01;0,2258863175269076;Rural;GUANDU;muito baixa;31263,0
MG;Caratinga;16,0;345,0;1222,0;5668,01;354,25;202209;False;2022-09-01;0,1732188317554171;Rural;CARATINGA;muito baixa;93124,0
MG;SÃO JOÃO DO JACUTINGA;5,0;219,0;406,0;2581,04;516,21;202209;False;2022-09-01;0,1732188317554171;Rural;JACUTINGA;muito baixa;93124,0
MG;SANTO ANTÔNIO DO MANHUAÇU;53,0;866,0;2790,0;17554,7;331,22;202209;False;2022-09-01;0,1732188317554171;Rural;MANHUAÇU;muito baixa;93124,0
MG;Piedade de Caratinga;4,0;69,0;136,0;974,9;243,73;202209;False;2022-09-01;0,3527426160337553;Rural;CARATINGA;muito baixa;8832,0
MG;Santa Bárbara do Leste;16,0;301,0;833,0;4113,95;257,12;202209;False;2022-09-01;0,4826868003124186;Rural;LESTE;muito baixa;8212,0
MG;Santa Rita de Minas;4,0;109,0;263,0;1379,67;344,92;202209;False;2022-09-01;0,27081105850007636;Rural;MINAS;muito baixa;7322,0
MG;Martins Soares;1,0;28,0;58,0;380,28;380,28;202209;False;2022-09-01;0,5919420047399973;Urbana;SOARES;muito baixa;8640,0
MG;Manhumirim;1,0;83,0;201,0;1258,93;1258,93;202209;False;2022-09-01;0,2029276961930596;Rural;MANHUMIRIM;muito baixa;22894,0
MG;Ubaporanga;1,0;32,0;55,0;427,33;427,33;202209;False;2022-09-01;0,4656146179401993;Rural;UBAPORANGA;muito baixa;12514,0
MG;Ipanema;1662,0;37119,0;73836,0;462490,79;278,27;202210;False;2022-10-01;0,21849201981287836;Rural;IPANEMA;muito alta;20133,0
MG;Pocrane;168,0;3583,0;10323,0;61525,94;366,23;202210;False;2022-10-01;0,3991764967727576;Rural;POCRANE;muito baixa;8288,0
MG;Taparuba;104,0;3030,0;6305,0;42947,97;412,96;202210;False;2022-10-01;0,5521198597386038;Urbana;TAPARUBA;muito baixa;3093,0
MG;Conceição de Ipanema;129,0;3594,0;7110,0;49699,56;385,27;202210;False;2022-10-01;0,658213644524237;Urbana;IPANEMA;muito baixa;4581,0
MG;Santana do Manhuaçu;151,0;4834,0;9904,0;63662,15;421,6;202210;False;2022-10-01;0,5173619202982987;Urbana;MANHUAÇU;muito baixa;8660,0
MG;Simonésia;270,0;8071,0;16518,0;96886,21;358,84;202210;False;2022-10-01;0,6121980544321783;Urbana;SIMONÉSIA;baixa;19834,0
MG;Manhuaçu;192,0;4538,0;10049,0;63168,23;329,0;202210;False;2022-10-01;0,1851735491492196;Rural;MANHUAÇU;muito baixa;92074,0
MG;Manhuaçu;5,0;165,0;279,0;1757,27;351,45;202210;False;2022-10-01;0,1851735491492196;Rural;MANHUAÇU;muito baixa;92074,0
MG;São José do Mantimento;66,0;2201,0;4686,0;31254,4;473,55;202210;False;2022-10-01;0,4409722222222222;Rural;MANTIMENTO;muito baixa;2821,0
MG;Reduto;12,0;209,0;1117,0;4231,8;352,65;202210;False;2022-10-01;0,4446643324706957;Rural;REDUTO;muito baixa;7247,0
MG;Aimorés;141,0;3707,0;8512,0;52205,97;370,26;202210;False;2022-10-01;0,21070555711366643;Rural;AIMORÉS;muito baixa;25116,0
MG;Expedicionário Alício;80,0;2168,0;6369,0;44860,56;560,76;202210;False;2022-10-01;0,21070555711366643;Rural;ALÍCIO;muito baixa;25116,0
MG;Conceição do Capim;45,0;1087,0;2426,0;18797,21;417,72;202210;False;2022-10-01;0,21070555711366643;Rural;CAPIM;muito baixa;25116,0
MG;Penha do Capim;29,0;691,0;2455,0;17429,77;601,03;202210;False;2022-10-01;0,21070555711366643;Rural;CAPIM;muito baixa;25116,0
MG;Resplendor;158,0;3692,0;8765,0;55293,34;349,96;202210;False;2022-10-01;0,2491076130844403;Rural;RESPLENDOR;muito baixa;17396,0
MG;Itueta;73,0;2185,0;4626,0;31055,1;425,41;202210;False;2022-10-01;0,4341337907375643;Rural;ITUETA;muito baixa;6074,0
MG;Quatituba;45,0;1026,0;2690,0;16636,56;369,7;202210;False;2022-10-01;0,4341337907375643;Rural;QUATITUBA;muito baixa;6074,0
ES;Baixo Guandu;102,0;2108,0;5152,0;32195,16;315,64;202210;False;2022-10-01;0,2258863175269076;Rural;GUANDU;muito baixa;31263,0
MG;Caratinga;13,0;114,0;581,0;3431,85;263,99;202210;False;2022-10-01;0,1732188317554171;Rural;CARATINGA;muito baixa;93124,0
MG;SÃO JOÃO DO JACUTINGA;3,0;120,0;194,0;1243,26;414,42;202210;False;2022-10-01;0,1732188317554171;Rural;JACUTINGA;muito baixa;93124,0
MG;SANTO ANTÔNIO DO MANHUAÇU;60,0;1391,0;4111,0;25451,98;424,2;202210;False;2022-10-01;0,1732188317554171;Rural;MANHUAÇU;muito baixa;93124,0
MG;Piedade de Caratinga;2,0;51,0;94,0;606,43;303,22;202210;False;2022-10-01;0,3527426160337553;Rural;CARATINGA;muito baixa;8832,0
MG;Santa Bárbara do Leste;20,0;278,0;788,0;4234,82;211,74;202210;False;2022-10-01;0,4826868003124186;Rural;LESTE;muito baixa;8212,0
MG;Santa Rita de Minas;10,0;179,0;521,0;2406,89;240,69;202210;False;2022-10-01;0,27081105850007636;Rural;MINAS;muito baixa;7322,0
MG;Martins Soares;3,0;123,0;250,0;1268,06;422,69;202210;False;2022-10-01;0,5919420047399973;Urbana;SOARES;muito baixa;8640,0
MG;Manhumirim;3,0;43,0;238,0;574,05;191,35;202210;False;2022-10-01;0,2029276961930596;Rural;MANHUMIRIM;muito baixa;22894,0
MG;Inhapim;1,0;40,0;43,0;313,24;313,24;202210;False;2022-10-01;0,42401415987486624;Rural;INHAPIM;muito baixa;24020,0
MG;Ipanema;1555,0;32050,0;64361,0;410102,38;263,73;202211;False;2022-11-01;0,21849201981287836;Rural;IPANEMA;muito alta;20133,0
MG;Pocrane;179,0;3818,0;10879,0;65971,23;368,55;202211;False;2022-11-01;0,3991764967727576;Rural;POCRANE;muito baixa;8288,0
MG;Taparuba;96,0;3124,0;6619,0;43623,86;454,42;202211;False;2022-11-01;0,5521198597386038;Urbana;TAPARUBA;muito baixa;3093,0
MG;Conceição de Ipanema;124,0;3794,0;8075,0;53316,06;429,97;202211;False;2022-11-01;0,658213644524237;Urbana;IPANEMA;muito baixa;4581,0
MG;Santana do Manhuaçu;155,0;4692,0;10448,0;65739,66;424,13;202211;False;2022-11-01;0,5173619202982987;Urbana;MANHUAÇU;muito baixa;8660,0
MG;Simonésia;312,0;8487,0;18897,0;110175,1;353,13;202211;False;2022-11-01;0,6121980544321783;Urbana;SIMONÉSIA;baixa;19834,0
MG;Manhuaçu;195,0;4690,0;11032,0;70401,6;361,03;202211;False;2022-11-01;0,1851735491492196;Rural;MANHUAÇU;muito baixa;92074,0
MG;Manhuaçu;3,0;67,0;177,0;1255,76;418,59;202211;False;2022-11-01;0,1851735491492196;Rural;MANHUAÇU;muito baixa;92074,0
MG;São José do Mantimento;78,0;2571,0;6379,0;42792,43;548,62;202211;False;2022-11-01;0,4409722222222222;Rural;MANTIMENTO;muito baixa;2821,0
MG;Reduto;14,0;287,0;1264,0;5981,13;427,22;202211;False;2022-11-01;0,4446643324706957;Rural;REDUTO;muito baixa;7247,0
MG;Aimorés;166,0;4617,0;10757,0;64618,51;389,27;202211;False;2022-11-01;0,21070555711366643;Rural;AIMORÉS;muito baixa;25116,0
MG;Expedicionário Alício;76,0;2167,0;6428,0;42783,98;562,95;202211;False;2022-11-01;0,21070555711366643;Rural;ALÍCIO;muito baixa;25116,0
MG;Conceição do Capim;36,0;868,0;1976,0;14844,44;412,35;202211;False;2022-11-01;0,21070555711366643;Rural;CAPIM;muito baixa;25116,0
MG;Penha do Capim;30,0;949,0;4753,0;28574,67;952,49;202211;False;2022-11-01;0,21070555711366643;Rural;CAPIM;muito baixa;25116,0
MG;Resplendor;201,0;4417,0;9857,0;64170,27;319,26;202211;False;2022-11-01;0,2491076130844403;Rural;RESPLENDOR;muito baixa;17396,0
MG;Itueta;72,0;2125,0;4767,0;31276,77;434,4;202211;False;2022-11-01;0,4341337907375643;Rural;ITUETA;muito baixa;6074,0
MG;Quatituba;43,0;1063,0;2765,0;18308,91;425,79;202211;False;2022-11-01;0,4341337907375643;Rural;QUATITUBA;muito baixa;6074,0
ES;Baixo Guandu;106,0;1961,0;4863,0;30887,64;291,39;202211;False;2022-11-01;0,2258863175269076;Rural;GUANDU;muito baixa;31263,0
MG;Caratinga;12,0;247,0;909,0;4663,5;388,63;202211;False;2022-11-01;0,1732188317554171;Rural;CARATINGA;muito baixa;93124,0
MG;SÃO JOÃO DO JACUTINGA;4,0;132,0;224,0;1591,59;397,9;202211;False;2022-11-01;0,1732188317554171;Rural;JACUTINGA;muito baixa;93124,0
MG;SANTO ANTÔNIO DO MANHUAÇU;67,0;1317,0;4007,0;22260,85;332,25;202211;False;2022-11-01;0,1732188317554171;Rural;MANHUAÇU;muito baixa;93124,0
MG;Piedade de Caratinga;4,0;55,0;133,0;1080,13;270,03;202211;False;2022-11-01;0,3527426160337553;Rural;CARATINGA;muito baixa;8832,0
MG;Santa Bárbara do Leste;19,0;271,0;846,0;3809,88;200,52;202211;False;2022-11-01;0,4826868003124186;Rural;LESTE;muito baixa;8212,0
MG;Santa Rita de Minas;3,0;92,0;264,0;1146,91;382,3;202211;False;2022-11-01;0,27081105850007636;Rural;MINAS;muito baixa;7322,0
MG;Martins Soares;4,0;153,0;414,0;2062,34;515,59;202211;False;2022-11-01;0,5919420047399973;Urbana;SOARES;muito baixa;8640,0
MG;Manhumirim;2,0;103,0;238,0;1074,91;537,46;202211;False;2022-11-01;0,2029276961930596;Rural;MANHUMIRIM;muito baixa;22894,0
MG;Inhapim;1,0;3,0;11,0;187,67;187,67;202211;False;2022-11-01;0,42401415987486624;Rural;INHAPIM;muito baixa;24020,0
MG;Ipanema;1674,0;34844,0;72213,0;460787,75;275,26;202212;False;2022-12-01;0,21849201981287836;Rural;IPANEMA;muito alta;20133,0
MG;Pocrane;171,0;3757,0;10844,0;63042,83;368,67;202212;False;2022-12-01;0,3991764967727576;Rural;POCRANE;muito baixa;8288,0
MG;Taparuba;121,0;3797,0;8126,0;52795,27;436,32;202212;False;2022-12-01;0,5521198597386038;Urbana;TAPARUBA;muito baixa;3093,0
MG;Conceição de Ipanema;135,0;3713,0;7882,0;55747,09;412,94;202212;False;2022-12-01;0,658213644524237;Urbana;IPANEMA;muito baixa;4581,0
MG;Santana do Manhuaçu;185,0;5166,0;12014,0;75298,54;407,02;202212;False;2022-12-01;0,5173619202982987;Urbana;MANHUAÇU;muito baixa;8660,0
MG;Simonésia;310,0;8749,0;18417,0;109216,95;352,31;202212;False;2022-12-01;0,6121980544321783;Urbana;SIMONÉSIA;baixa;19834,0
MG;Manhuaçu;183,0;4361,0;11878,0;75144,48;410,63;202212;False;2022-12-01;0,1851735491492196;Rural;MANHUAÇU;muito baixa;92074,0
MG;Manhuaçu;3,0;61,0;136,0;832,85;277,62;202212;False;2022-12-01;0,1851735491492196;Rural;MANHUAÇU;muito baixa;92074,0
MG;São José do Mantimento;81,0;2634,0;5791,0;39565,25;488,46;202212;False;2022-12-01;0,4409722222222222;Rural;MANTIMENTO;muito baixa;2821,0
MG;Reduto;12,0;348,0;1356,0;5496,31;458,03;202212;False;2022-12-01;0,4446643324706957;Rural;REDUTO;muito baixa;7247,0
MG;Aimorés;211,0;5664,0;12578,0;80038,81;379,33;202212;False;2022-12-01;0,21070555711366643;Rural;AIMORÉS;muito baixa;25116,0
MG;Expedicionário Alício;95,0;2343,0;6704,0;44492,15;468,34;202212;False;2022-12-01;0,21070555711366643;Rural;ALÍCIO;muito baixa;25116,0
MG;Conceição do Capim;53,0;1180,0;2771,0;21159,17;399,23;202212;False;2022-12-01;0,21070555711366643;Rural;CAPIM;muito baixa;25116,0
MG;Penha do Capim;47,0;1373,0;5673,0;42413,32;902,41;202212;False;2022-12-01;0,21070555711366643;Rural;CAPIM;muito baixa;25116,0
MG;Resplendor;220,0;4723,0;11484,0;73532,52;334,24;202212;False;2022-12-01;0,2491076130844403;Rural;RESPLENDOR;muito baixa;17396,0
MG;Itueta;101,0;2390,0;5225,0;35500,71;351,49;202212;False;2022-12-01;0,4341337907375643;Rural;ITUETA;muito baixa;6074,0
MG;Quatituba;61,0;1316,0;4011,0;24616,43;403,55;202212;False;2022-12-01;0,4341337907375643;Rural;QUATITUBA;muito baixa;6074,0
ES;Baixo Guandu;171,0;3572,0;9303,0;56535,42;330,62;202212;False;2022-12-01;0,2258863175269076;Rural;GUANDU;muito baixa;31263,0
MG;Caratinga;15,0;213,0;2434,0;8981,48;598,77;202212;False;2022-12-01;0,1732188317554171;Rural;CARATINGA;muito baixa;93124,0
MG;SÃO JOÃO DO JACUTINGA;6,0;254,0;419,0;2713,44;452,24;202212;False;2022-12-01;0,1732188317554171;Rural;JACUTINGA;muito baixa;93124,0
MG;SANTO ANTÔNIO DO MANHUAÇU;61,0;978,0;3587,0;20272,45;332,34;202212;False;2022-12-01;0,1732188317554171;Rural;MANHUAÇU;muito baixa;93124,0
MG;Piedade de Caratinga;4,0;55,0;127,0;1039,82;259,96;202212;False;2022-12-01;0,3527426160337553;Rural;CARATINGA;muito baixa;8832,0
MG;Santa Bárbara do Leste;18,0;333,0;899,0;4603,26;255,74;202212;False;2022-12-01;0,4826868003124186;Rural;LESTE;muito baixa;8212,0
MG;Santa Rita de Minas;4,0;72,0;176,0;1143,58;285,9;202212;False;2022-12-01;0,27081105850007636;Rural;MINAS;muito baixa;7322,0
MG;Martins Soares;2,0;95,0;198,0;1031,24;515,62;202212;False;2022-12-01;0,5919420047399973;Urbana;SOARES;muito baixa;8640,0
MG;Manhumirim;1,0;25,0;40,0;266,1;266,1;202212;False;2022-12-01;0,2029276961930596;Rural;MANHUMIRIM;muito baixa;22894,0
MG;Ubaporanga;1,0;28,0;49,0;441,91;441,91;202212;False;2022-12-01;0,4656146179401993;Rural;UBAPORANGA;muito baixa;12514,0
MG;Inhapim;1,0;11,0;18,0;125,43;125,43;202212;False;2022-12-01;0,42401415987486624;Rural;INHAPIM;muito baixa;24020,0
MG;Ipanema;1654,0;35124,0;68152,0;442239,9;267,38;202301;False;2023-01-01;0,21849201981287836;Rural;IPANEMA;muito alta;20133,0
MG;Pocrane;188,0;4376,0;13209,0;74713,6;397,41;202301;False;2023-01-01;0,3991764967727576;Rural;POCRANE;muito baixa;8288,0
MG;Taparuba;106,0;2874,0;6116,0;41924,01;395,51;202301;False;2023-01-01;0,5521198597386038;Urbana;TAPARUBA;muito baixa;3093,0
MG;Conceição de Ipanema;105,0;3241,0;6912,0;47431,61;451,73;202301;False;2023-01-01;0,658213644524237;Urbana;IPANEMA;muito baixa;4581,0
MG;Santana do Manhuaçu;141,0;3999,0;8524,0;54281,0;384,97;202301;False;2023-01-01;0,5173619202982987;Urbana;MANHUAÇU;muito baixa;8660,0
MG;Simonésia;321,0;9485,0;19443,0;116714,83;363,6;202301;False;2023-01-01;0,6121980544321783;Urbana;SIMONÉSIA;baixa;19834,0
MG;Manhuaçu;199,0;4792,0;13038,0;80077,18;402,4;202301;False;2023-01-01;0,1851735491492196;Rural;MANHUAÇU;muito baixa;92074,0
MG;Manhuaçu;2,0;73,0;146,0;1159,57;579,79;202301;False;2023-01-01;0,1851735491492196;Rural;MANHUAÇU;muito baixa;92074,0
MG;São José do Mantimento;69,0;2126,0;5125,0;35212,96;510,33;202301;False;2023-01-01;0,4409722222222222;Rural;MANTIMENTO;muito baixa;2821,0
MG;Reduto;10,0;212,0;904,0;3582,81;358,28;202301;False;2023-01-01;0,4446643324706957;Rural;REDUTO;muito baixa;7247,0
MG;Aimorés;224,0;5941,0;14000,0;86558,71;386,42;202301;False;2023-01-01;0,21070555711366643;Rural;AIMORÉS;muito baixa;25116,0
MG;Expedicionário Alício;88,0;2402,0;6802,0;46258,77;525,67;202301;False;2023-01-01;0,21070555711366643;Rural;ALÍCIO;muito baixa;25116,0
MG;Conceição do Capim;46,0;1194,0;2666,0;19132,49;415,92;202301;False;2023-01-01;0,21070555711366643;Rural;CAPIM;muito baixa;25116,0
MG;Penha do Capim;37,0;960,0;5048,0;30409,5;821,88;202301;False;2023-01-01;0,21070555711366643;Rural;CAPIM;muito baixa;25116,0
MG;Resplendor;238,0;5002,0;12415,0;76544,34;321,61;202301;False;2023-01-01;0,2491076130844403;Rural;RESPLENDOR;muito baixa;17396,0
MG;Itueta;92,0;2671,0;5566,0;38491,23;418,38;202301;False;2023-01-01;0,4341337907375643;Rural;ITUETA;muito baixa;6074,0
MG;Quatituba;66,0;1468,0;4049,0;23128,46;350,43;202301;False;2023-01-01;0,4341337907375643;Rural;QUATITUBA;muito baixa;6074,0
ES;Baixo Guandu;163,0;3161,0;7773,0;49732,36;305,11;202301;False;2023-01-01;0,2258863175269076;Rural;GUANDU;muito baixa;31263,0
MG;Caratinga;10,0;303,0;699,0;3454,25;345,43;202301;False;2023-01-01;0,1732188317554171;Rural;CARATINGA;muito baixa;93124,0
MG;SÃO JOÃO DO JACUTINGA;6,0;152,0;263,0;1846,96;307,83;202301;False;2023-01-01;0,1732188317554171;Rural;JACUTINGA;muito baixa;93124,0
MG;SANTO ANTÔNIO DO MANHUAÇU;59,0;1252,0;3664,0;21111,76;357,83;202301;False;2023-01-01;0,1732188317554171;Rural;MANHUAÇU;muito baixa;93124,0
MG;Piedade de Caratinga;4,0;79,0;226,0;1001,1;250,28;202301;False;2023-01-01;0,3527426160337553;Rural;CARATINGA;muito baixa;8832,0
MG;Santa Bárbara do Leste;16,0;215,0;623,0;3374,59;210,91;202301;False;2023-01-01;0,4826868003124186;Rural;LESTE;muito baixa;8212,0
MG;Santa Rita de Minas;6,0;66,0;239,0;1412,34;235,39;202301;False;2023-01-01;0,27081105850007636;Rural;MINAS;muito baixa;7322,0
MG;Martins Soares;2,0;113,0;240,0;1119,81;559,91;202301;False;2023-01-01;0,5919420047399973;Urbana;SOARES;muito baixa;8640,0
MG;Inhapim;1,0;1,0;2,0;111,0;111,0;202301;False;2023-01-01;0,42401415987486624;Rural;INHAPIM;muito baixa;24020,0
MG;Ipanema;1637,0;34655,0;68438,0;425958,46;260,21;202302;False;2023-02-01;0,21849201981287836;Rural;IPANEMA;muito alta;20133,0
MG;Pocrane;195,0;4077,0;12199,0;70178,25;359,89;202302;False;2023-02-01;0,3991764967727576;Rural;POCRANE;muito baixa;8288,0
MG;Taparuba;104,0;3308,0;6989,0;44918,55;431,91;202302;False;2023-02-01;0,5521198597386038;Urbana;TAPARUBA;muito baixa;3093,0
MG;Conceição de Ipanema;100,0;2949,0;6281,0;44209,67;442,1;202302;False;2023-02-01;0,658213644524237;Urbana;IPANEMA;muito baixa;4581,0
MG;Santana do Manhuaçu;153,0;4567,0;9949,0;63797,48;416,98;202302;False;2023-02-01;0,5173619202982987;Urbana;MANHUAÇU;muito baixa;8660,0
MG;Simonésia;316,0;8101,0;16770,0;100437,86;317,84;202302;False;2023-02-01;0,6121980544321783;Urbana;SIMONÉSIA;baixa;19834,0
MG;Manhuaçu;182,0;4147,0;11202,0;74548,88;409,61;202302;False;2023-02-01;0,1851735491492196;Rural;MANHUAÇU;muito baixa;92074,0
MG;Manhuaçu;6,0;99,0;204,0;1385,73;230,96;202302;False;2023-02-01;0,1851735491492196;Rural;MANHUAÇU;muito baixa;92074,0
MG;São José do Mantimento;72,0;2391,0;5368,0;35374,7;491,32;202302;False;2023-02-01;0,4409722222222222;Rural;MANTIMENTO;muito baixa;2821,0
MG;Reduto;14,0;288,0;1444,0;5697,96;407,0;202302;False;2023-02-01;0,4446643324706957;Rural;REDUTO;muito baixa;7247,0
MG;Aimorés;221,0;5800,0;13730,0;79615,88;360,25;202302;False;2023-02-01;0,21070555711366643;Rural;AIMORÉS;muito baixa;25116,0
MG;Expedicionário Alício;80,0;2180,0;6505,0;40182,95;502,29;202302;False;2023-02-01;0,21070555711366643;Rural;ALÍCIO;muito baixa;25116,0
MG;Conceição do Capim;60,0;1629,0;3441,0;24734,84;412,25;202302;False;2023-02-01;0,21070555711366643;Rural;CAPIM;muito baixa;25116,0
MG;Penha do Capim;41,0;1117,0;4504,0;31165,66;760,14;202302;False;2023-02-01;0,21070555711366643;Rural;CAPIM;muito baixa;25116,0
MG;Resplendor;272,0;5701,0;13685,0;83623,38;307,44;202302;False;2023-02-01;0,2491076130844403;Rural;RESPLENDOR;muito baixa;17396,0
MG;Itueta;96,0;2817,0;5816,0;37626,59;391,94;202302;False;2023-02-01;0,4341337907375643;Rural;ITUETA;muito baixa;6074,0
MG;Quatituba;55,0;1261,0;3465,0;20585,0;374,27;202302;False;2023-02-01;0,4341337907375643;Rural;QUATITUBA;muito baixa;6074,0
ES;Baixo Guandu;170,0;3589,0;8360,0;54283,45;319,31;202302;False;2023-02-01;0,2258863175269076;Rural;GUANDU;muito baixa;31263,0
MG;Caratinga;6,0;78,0;525,0;2358,52;393,09;202302;False;2023-02-01;0,1732188317554171;Rural;CARATINGA;muito baixa;93124,0
MG;SÃO JOÃO DO JACUTINGA;2,0;52,0;104,0;735,61;367,81;202302;False;2023-02-01;0,1732188317554171;Rural;JACUTINGA;muito baixa;93124,0
MG;SANTO ANTÔNIO DO MANHUAÇU;61,0;1279,0;4071,0;23489,0;385,07;202302;False;2023-02-01;0,1732188317554171;Rural;MANHUAÇU;muito baixa;93124,0
MG;Piedade de Caratinga;4,0;49,0;101,0;851,55;212,89;202302;False;2023-02-01;0,3527426160337553;Rural;CARATINGA;muito baixa;8832,0
MG;Santa Bárbara do Leste;11,0;169,0;526,0;2731,26;248,3;202302;False;2023-02-01;0,4826868003124186;Rural;LESTE;muito baixa;8212,0
MG;Santa Rita de Minas;3,0;64,0;190,0;856,9;285,63;202302;False;2023-02-01;0,27081105850007636;Rural;MINAS;muito baixa;7322,0
MG;Martins Soares;3,0;95,0;200,0;1099,27;366,42;202302;False;2023-02-01;0,5919420047399973;Urbana;SOARES;muito baixa;8640,0
MG;Manhumirim;3,0;46,0;129,0;572,33;190,78;202302;False;2023-02-01;0,2029276961930596;Rural;MANHUMIRIM;muito baixa;22894,0
MG;Ubaporanga;1,0;25,0;40,0;366,37;366,37;202302;False;2023-02-01;0,4656146179401993;Rural;UBAPORANGA;muito baixa;12514,0
MG;Inhapim;1,0;2,0;5,0;51,06;51,06;202302;False;2023-02-01;0,42401415987486624;Rural;INHAPIM;muito baixa;24020,0
