cod_IBGE;cidade;UF;latitude;longitude;venda_predita
310010;ABADIA DOS DOURADOS;MG;-18,4831;-47,3916;1904
310020;ABAETÉ;MG;-19,1551;-45,4444;1256
310030;ABRE CAMPO;MG;-20,2996;-42,4743;3795
310040;ACAIACA;MG;-20,359;-43,1439;28756
310050;AÇUCENA;MG;-19,0671;-42,5419;12828
310060;ÁGUA BOA;MG;-17,9914;-42,3806;32202
310070;ÁGUA COMPRIDA;MG;-20,0576;-48,1069;2000
310080;AGUANIL;MG;-20,9439;-45,3915;1698
310090;ÁGUAS FORMOSAS;MG;-17,0802;-40,9384;150104
310100;ÁGUAS VERMELHAS;MG;-15,7431;-41,4571;5149
310110;AIMORÉS;MG;-19,5007;-41,0746;29935
310120;AIURUOCA;MG;-21,9736;-44,6042;1819
310130;ALAGOA;MG;-22,171;-44,6413;1368
310140;ALBERTINA;MG;-22,2018;-46,6139;1726
310150;ALÉM PARAÍBA;MG;-21,8797;-42,7176;4623
310160;ALFENAS;MG;-21,4256;-45,9477;8519
310163;ALFREDO VASCONCELOS;MG;-21,1535;-43,7718;1627
310170;ALMENARA;MG;-16,1785;-40,6942;1852
310180;ALPERCATA;MG;-18,974;-41,97;260728
310190;ALPINÓPOLIS;MG;-20,8631;-46,3878;1631
310200;ALTEROSA;MG;-21,2488;-46,1387;1909
310205;ALTO CAPARAÓ;MG;-20,431;-41,8738;24091
310210;ALTO RIO DOCE;MG;-21,0281;-43,4067;36878
310220;ALVARENGA;MG;-19,4174;-41,7317;35904
310230;ALVINÓPOLIS;MG;-20,1098;-43,0535;3592
310240;ALVORADA DE MINAS;MG;-18,7334;-43,3638;1163
310250;AMPARO DO SERRA;MG;-20,5051;-42,8009;4949
310260;ANDRADAS;MG;-22,0695;-46,5724;15321
310270;CACHOEIRA DE PAJEÚ;MG;-15,9688;-41,4948;1505
310280;ANDRELÂNDIA;MG;-21,7411;-44,3117;1727
310285;ANGELÂNDIA;MG;-17,7279;-42,2641;2799
310290;ANTÔNIO CARLOS;MG;-21,321;-43,7451;3757
310300;ANTÔNIO DIAS;MG;-19,6491;-42,8732;35172
310310;ANTÔNIO PRADO DE MINAS;MG;-21,0192;-42,1109;1780
310320;ARAÇAÍ;MG;-19,1955;-44,2493;1676
310330;ARACITABA;MG;-21,3446;-43,3736;167980
310340;ARAÇUAÍ;MG;-16,8523;-42,0637;2030
310350;ARAGUARI;MG;-18,6456;-48,1934;5486
310360;ARANTINA;MG;-21,9102;-44,2555;1567
310370;ARAPONGA;MG;-20,6686;-42,5178;56807
310375;ARAPORÃ;MG;-18,4357;-49,1847;1689
310380;ARAPUÁ;MG;-19,0268;-46,1484;2038
310390;ARAÚJOS;MG;-19,9405;-45,1671;3208
310400;ARAXÁ;MG;-19,5902;-46,9438;5576
310410;ARCEBURGO;MG;-21,359;-46,9401;3373
310420;ARCOS;MG;-20,2863;-45,5373;5246
310430;AREADO;MG;-21,3572;-46,1421;1585
310440;ARGIRITA;MG;-21,6083;-42,8292;38191
310445;ARICANDUVA;MG;-17,8666;-42,5533;47059
310450;ARINOS;MG;-15,9187;-46,1043;1035
310460;ASTOLFO DUTRA;MG;-21,3184;-42,8572;1931
310470;ATALÉIA;MG;-18,0438;-41,1149;4228
310480;AUGUSTO DE LIMA;MG;-18,0997;-44,2655;13266
310490;BAEPENDI;MG;-21,957;-44,8874;1491
310500;BALDIM;MG;-19,2832;-43,9613;972
310510;BAMBUÍ;MG;-20,0166;-45,9754;2069
310520;BANDEIRA;MG;-15,8783;-40,5622;171315
310530;BANDEIRA DO SUL;MG;-21,7308;-46,3833;107943
310540;BARÃO DE COCAIS;MG;-19,9389;-43,4755;5112
310550;BARÃO DE MONTE ALTO;MG;-21,2444;-42,2372;37031
310560;BARBACENA;MG;-21,2214;-43,7703;5505
310570;BARRA LONGA;MG;-20,2869;-43,0402;39590
310590;BARROSO;MG;-21,1907;-43,972;1620
310600;BELA VISTA DE MINAS;MG;-19,8302;-43,0922;3208
310610;BELMIRO BRAGA;MG;-21,944;-43,4084;1756
310620;BELO HORIZONTE;MG;-19,9102;-43,9266;5498
310630;BELO ORIENTE;MG;-19,2199;-42,4828;5265
310640;BELO VALE;MG;-20,4077;-44,0275;994
310650;BERILO;MG;-16,9567;-42,4606;187722
310660;BERTÓPOLIS;MG;-17,059;-40,58;33918
310665;BERIZAL;MG;-15,61;-41,7432;21953
310670;BETIM;MG;-19,9668;-44,2008;5421
310680;BIAS FORTES;MG;-21,602;-43,7574;101207
310690;BICAS;MG;-21,7232;-43,056;1734
310700;BIQUINHAS;MG;-18,7754;-45,4974;1640
310710;BOA ESPERANÇA;MG;-21,0927;-45,5612;1646
310720;BOCAINA DE MINAS;MG;-22,1697;-44,3972;38855
310730;BOCAIÚVA;MG;-17,1135;-43,8104;9440
310740;BOM DESPACHO;MG;-19,7386;-45,2622;13905
310750;BOM JARDIM DE MINAS;MG;-21,9479;-44,1885;1605
310760;BOM JESUS DA PENHA;MG;-21,0148;-46,5174;1828
310770;BOM JESUS DO AMPARO;MG;-19,7054;-43,4782;1575
310780;BOM JESUS DO GALHO;MG;-19,836;-42,3165;1297
310790;BOM REPOUSO;MG;-22,4675;-46,144;1711
310820;BONFINÓPOLIS DE MINAS;MG;-16,568;-45,9839;1621
310825;BONITO DE MINAS;MG;-15,3231;-44,7543;56101
310830;BORDA DA MATA;MG;-22,2707;-46,1653;1159
310840;BOTELHOS;MG;-21,6412;-46,391;2073
310850;BOTUMIRIM;MG;-16,8657;-43,0086;3961
310855;BRASILÂNDIA DE MINAS;MG;-16,9999;-46,0081;1235
310860;BRASÍLIA DE MINAS;MG;-16,2104;-44,4299;1347
310870;BRÁS PIRES;MG;-20,8419;-43,2406;50455
310880;BRAÚNAS;MG;-19,0562;-42,7099;1478
310900;BRUMADINHO;MG;-20,151;-44,2007;5129
310910;BUENO BRANDÃO;MG;-22,4383;-46,3491;4624
310920;BUENÓPOLIS;MG;-17,8744;-44,1775;4586
310925;BUGRE;MG;-19,4231;-42,2552;109307
310940;BURITIZEIRO;MG;-17,3656;-44,9606;3413
310945;CABECEIRA GRANDE;MG;-16,0335;-47,0862;1346
310950;CABO VERDE;MG;-21,4699;-46,3919;4734
310960;CACHOEIRA DA PRATA;MG;-19,521;-44,4544;184992
310970;CACHOEIRA DE MINAS;MG;-22,3511;-45,7809;4680
310980;CACHOEIRA DOURADA;MG;-18,5161;-49,5039;1069
310990;CAETANÓPOLIS;MG;-19,2971;-44,4189;2343
311000;CAETÉ;MG;-19,8826;-43,6704;3116
311010;CAIANA;MG;-20,6956;-41,9292;1811
311020;CAJURI;MG;-20,7903;-42,7925;1279
311030;CALDAS;MG;-21,9183;-46,3843;1330
311040;CAMACHO;MG;-20,6294;-45,1593;1892
311050;CAMANDUCAIA;MG;-22,7515;-46,1494;3680
311060;CAMBUÍ;MG;-22,6115;-46,0572;5261
311070;CAMBUQUIRA;MG;-21,854;-45,2896;2279
311080;CAMPANÁRIO;MG;-18,2427;-41,7355;19631
311090;CAMPANHA;MG;-21,836;-45,4004;1251
311110;CAMPINA VERDE;MG;-19,5382;-49,4862;4676
311115;CAMPO AZUL;MG;-16,5028;-44,8096;61293
311120;CAMPO BELO;MG;-20,8932;-45,2699;4822
311130;CAMPO DO MEIO;MG;-21,1127;-45,8273;3188
311140;CAMPO FLORIDO;MG;-19,7631;-48,5716;1475
311150;CAMPOS ALTOS;MG;-19,6914;-46,1725;1272
311160;CAMPOS GERAIS;MG;-21,237;-45,7569;6644
311170;CANAÃ;MG;-20,6869;-42,6167;1729
311190;CANA VERDE;MG;-21,0232;-45,1801;48914
311205;CANTAGALO;MG;-18,5248;-42,6223;31168
311210;CAPARAÓ;MG;-20,5289;-41,9061;2101
311220;CAPELA NOVA;MG;-20,9179;-43,622;46445
311230;CAPELINHA;MG;-17,6888;-42,5147;5439
311240;CAPETINGA;MG;-20,6163;-47,0571;1451
311250;CAPIM BRANCO;MG;-19,5471;-44,1304;240624
311260;CAPINÓPOLIS;MG;-18,6862;-49,5706;2134
311265;CAPITÃO ANDRADE;MG;-19,0748;-41,8614;35144
311270;CAPITÃO ENÉAS;MG;-16,3265;-43,7084;1284
311280;CAPITÓLIO;MG;-20,6164;-46,0493;2402
311290;CAPUTIRA;MG;-20,1703;-42,2683;33436
311300;CARAÍ;MG;-17,1862;-41,7004;83165
311310;CARANAÍBA;MG;-20,8707;-43,7417;116262
311320;CARANDAÍ;MG;-20,9566;-43,811;13751
311330;CARANGOLA;MG;-20,7343;-42,0313;2099
311340;CARATINGA;MG;-19,7868;-42,1292;4007
311350;CARBONITA;MG;-17,5255;-43,0137;5685
311360;CAREAÇU;MG;-22,0424;-45,696;2006
311370;CARLOS CHAGAS;MG;-17,6973;-40,7723;1649
311380;CARMÉSIA;MG;-19,0877;-43,1382;5185
311390;CARMO DA CACHOEIRA;MG;-21,4633;-45,2201;7329
311400;CARMO DA MATA;MG;-20,5575;-44,8735;9459
311410;CARMO DE MINAS;MG;-22,1204;-45,1307;93108
311420;CARMO DO CAJURU;MG;-20,1912;-44,7664;1459
311430;CARMO DO PARANAÍBA;MG;-18,991;-46,3167;11073
311440;CARMO DO RIO CLARO;MG;-20,9736;-46,1149;3746
311450;CARMÓPOLIS DE MINAS;MG;-20,5396;-44,6336;2196
311455;CARNEIRINHO;MG;-19,6987;-50,6894;11421
311460;CARRANCAS;MG;-21,4898;-44,6446;1759
311470;CARVALHÓPOLIS;MG;-21,7735;-45,8421;1743
311480;CARVALHOS;MG;-22;-44,4632;1467
311490;CASA GRANDE;MG;-20,7925;-43,9343;1920
311500;CASCALHO RICO;MG;-18,5772;-47,8716;2095
311510;CÁSSIA;MG;-20,5831;-46,9201;2051
311520;CONCEIÇÃO DA BARRA DE MINAS;MG;-21,1316;-44,4729;2062
311530;CATAGUASES;MG;-21,3924;-42,6896;4808
311535;CATAS ALTAS;MG;-20,0734;-43,4061;1868
311540;CATAS ALTAS DA NORUEGA;MG;-20,6901;-43,4939;34908
311545;CATUJI;MG;-17,3018;-41,5276;46669
311547;CATUTI;MG;-15,3616;-42,9627;34030
311550;CAXAMBU;MG;-21,9753;-44,9319;1282
311560;CEDRO DO ABAETÉ;MG;-19,1458;-45,712;1872
311570;CENTRAL DE MINAS;MG;-18,7612;-41,3143;112161
311580;CENTRALINA;MG;-18,5852;-49,2014;3352
311590;CHÁCARA;MG;-21,6733;-43,215;15565
311600;CHALÉ;MG;-20,0453;-41,6897;9380
311610;CHAPADA DO NORTE;MG;-17,0881;-42,5392;54810
311615;CHAPADA GAÚCHA;MG;-15,3014;-45,6116;3652
311620;CHIADOR;MG;-21,9996;-43,0617;9987
311630;CIPOTÂNEA;MG;-20,9026;-43,3629;42523
311640;CLARAVAL;MG;-20,397;-47,2768;2139
311650;CLARO DOS POÇÕES;MG;-17,082;-44,2061;20611
311660;CLÁUDIO;MG;-20,4437;-44,7673;11086
311670;COIMBRA;MG;-20,8535;-42,8008;751
311680;COLUNA;MG;-18,2311;-42,8352;27674
311690;COMENDADOR GOMES;MG;-19,6973;-49,0789;1727
311700;COMERCINHO;MG;-16,2963;-41,7945;56257
311710;CONCEIÇÃO DA APARECIDA;MG;-21,096;-46,2049;3660
311720;CONCEIÇÃO DAS PEDRAS;MG;-22,1576;-45,4562;1815
311730;CONCEIÇÃO DAS ALAGOAS;MG;-19,9172;-48,3839;5173
311740;CONCEIÇÃO DE IPANEMA;MG;-19,9326;-41,6908;44849
311750;CONCEIÇÃO DO MATO DENTRO;MG;-19,0344;-43,4221;4226
311760;CONCEIÇÃO DO PARÁ;MG;-19,7456;-44,8945;1839
311770;CONCEIÇÃO DO RIO VERDE;MG;-21,8778;-45,087;2174
311780;CONCEIÇÃO DOS OUROS;MG;-22,4078;-45,7996;10026
311783;CÔNEGO MARINHO;MG;-15,2892;-44,4181;169171
311787;CONFINS;MG;-19,6282;-43,9931;1714
311790;CONGONHAL;MG;-22,1488;-46,043;34665
311800;CONGONHAS;MG;-20,4958;-43,851;8334
311810;CONGONHAS DO NORTE;MG;-18,8021;-43,6767;4832
311820;CONQUISTA;MG;-19,9312;-47,5492;1640
311830;CONSELHEIRO LAFAIETE;MG;-20,6634;-43,7846;3596
311840;CONSELHEIRO PENA;MG;-19,1789;-41,4736;156102
311850;CONSOLAÇÃO;MG;-22,5493;-45,9255;1516
311860;CONTAGEM;MG;-19,9321;-44,0539;5435
311870;COQUEIRAL;MG;-21,1858;-45,4366;5405
311880;CORAÇÃO DE JESUS;MG;-16,6841;-44,3635;1354
311890;CORDISBURGO;MG;-19,1224;-44,3224;1145
311900;CORDISLÂNDIA;MG;-21,7891;-45,6999;1487
311910;CORINTO;MG;-18,369;-44,4542;1594
311920;COROACI;MG;-18,6156;-42,2791;733
311930;COROMANDEL;MG;-18,4734;-47,1933;21171
311940;CORONEL FABRICIANO;MG;-19,5179;-42,6276;3743
311950;CORONEL MURTA;MG;-16,6148;-42,184;4526
311960;CORONEL PACHECO;MG;-21,5898;-43,256;1733
311970;CORONEL XAVIER CHAVES;MG;-21,0277;-44,2206;1915
311980;CÓRREGO DANTA;MG;-19,8198;-45,9032;1411
311990;CÓRREGO DO BOM JESUS;MG;-22,6269;-46,0241;8354
311995;CÓRREGO FUNDO;MG;-20,4474;-45,5617;1870
312000;CÓRREGO NOVO;MG;-19,8361;-42,3988;19320
312010;COUTO DE MAGALHÃES DE MINAS;MG;-18,0727;-43,4648;273307
312015;CRISÓLITA;MG;-17,2381;-40,9184;27237
312020;CRISTAIS;MG;-20,8733;-45,5167;4675
312030;CRISTÁLIA;MG;-16,716;-42,8571;4039
312040;CRISTIANO OTONI;MG;-20,8324;-43,8166;1806
312050;CRISTINA;MG;-22,208;-45,2673;3691
312060;CRUCILÂNDIA;MG;-20,3923;-44,3334;1408
312070;CRUZEIRO DA FORTALEZA;MG;-18,944;-46,6669;1772
312080;CRUZÍLIA;MG;-21,84;-44,8067;1281
312083;CUPARAQUE;MG;-18,9648;-41,0986;127710
312087;CURRAL DE DENTRO;MG;-15,9327;-41,8557;101941
312090;CURVELO;MG;-18,7527;-44,4303;9700
312100;DATAS;MG;-18,4478;-43,6591;32197
312110;DELFIM MOREIRA;MG;-22,5036;-45,2792;32061
312120;DELFINÓPOLIS;MG;-20,3468;-46,8456;1602
312125;DELTA;MG;-19,9721;-47,7841;3333
312130;DESCOBERTO;MG;-21,46;-42,9618;104101
312140;DESTERRO DE ENTRE RIOS;MG;-20,665;-44,3334;1543
312150;DESTERRO DO MELO;MG;-21,143;-43,5178;4911
312160;DIAMANTINA;MG;-18,2413;-43,6031;3039
312170;DIOGO DE VASCONCELOS;MG;-20,4879;-43,1953;56444
312180;DIONÍSIO;MG;-19,8433;-42,7701;243822
312190;DIVINÉSIA;MG;-20,9917;-43,0003;1401
312200;DIVINO;MG;-20,6134;-42,1438;4507
312210;DIVINO DAS LARANJEIRAS;MG;-18,7755;-41,4781;240624
312220;DIVINOLÂNDIA DE MINAS;MG;-18,8004;-42,6103;102235
312230;DIVINÓPOLIS;MG;-20,1446;-44,8912;11818
312235;DIVISA ALEGRE;MG;-15,7221;-41,3463;1531
312240;DIVISA NOVA;MG;-21,5092;-46,1904;1729
312245;DIVISÓPOLIS;MG;-15,7254;-40,9997;4239
312247;DOM BOSCO;MG;-16,652;-46,2597;3685
312250;DOM CAVATI;MG;-19,3735;-42,1121;313005
312260;DOM JOAQUIM;MG;-18,961;-43,2544;16340
312270;DOM SILVÉRIO;MG;-20,1627;-42,9627;2054
312280;DOM VIÇOSO;MG;-22,2511;-45,1643;102664
312300;DORES DE CAMPOS;MG;-21,1139;-44,0207;3292
312310;DORES DE GUANHÃES;MG;-19,0516;-42,9254;1486
312320;DORES DO INDAIÁ;MG;-19,4628;-45,5927;2617
312330;DORES DO TURVO;MG;-20,9785;-43,1834;38710
312340;DORESÓPOLIS;MG;-20,2868;-45,9007;1925
312350;DOURADOQUARA;MG;-18,4338;-47,5993;1870
312352;DURANDÉ;MG;-20,2058;-41,7977;4308
312360;ELÓI MENDES;MG;-21,6088;-45,5691;5256
312370;ENGENHEIRO CALDAS;MG;-19,2065;-42,0503;101780
312380;ENGENHEIRO NAVARRO;MG;-17,2831;-43,947;25335
312385;ENTRE FOLHAS;MG;-19,6218;-42,2306;22281
312390;ENTRE RIOS DE MINAS;MG;-20,6706;-44,0654;1429
312400;ERVÁLIA;MG;-20,8403;-42,6544;1615
312410;ESMERALDAS;MG;-19,764;-44,3065;148242
312420;ESPERA FELIZ;MG;-20,6508;-41,9119;1731
312430;ESPINOSA;MG;-14,9249;-42,809;1323
312440;ESPÍRITO SANTO DO DOURADO;MG;-22,0454;-45,9548;1799
312450;ESTIVA;MG;-22,4577;-46,0191;28437
312460;ESTRELA DALVA;MG;-21,7412;-42,4574;1802
312470;ESTRELA DO INDAIÁ;MG;-19,5169;-45,7859;1924
312480;ESTRELA DO SUL;MG;-18,7399;-47,6956;1010
312490;EUGENÓPOLIS;MG;-21,1002;-42,1878;5062
312500;EWBANK DA CÂMARA;MG;-21,5498;-43,5068;163681
312510;EXTREMA;MG;-22,854;-46,3178;5102
312520;FAMA;MG;-21,4089;-45,8286;1645
312530;FARIA LEMOS;MG;-20,8097;-42,0213;1522
312540;FELÍCIO DOS SANTOS;MG;-18,0755;-43,2422;88778
312550;SÃO GONÇALO DO RIO PRETO;MG;-18,0025;-43,3854;13586
312560;FELISBURGO;MG;-16,6348;-40,7605;31218
312570;FELIXLÂNDIA;MG;-18,7507;-44,9004;3229
312580;FERNANDES TOURINHO;MG;-19,1541;-42,0803;50299
312590;FERROS;MG;-19,2343;-43,0192;37196
312595;FERVEDOURO;MG;-20,726;-42,279;37567
312600;FLORESTAL;MG;-19,888;-44,4318;1454
312610;FORMIGA;MG;-20,4618;-45,4268;12265
312620;FORMOSO;MG;-14,9446;-46,2371;1496
312630;FORTALEZA DE MINAS;MG;-20,8508;-46,712;1692
312640;FORTUNA DE MINAS;MG;-19,5578;-44,4472;2398
312650;FRANCISCO BADARÓ;MG;-16,9883;-42,3568;187883
312660;FRANCISCO DUMONT;MG;-17,3107;-44,2317;21829
312670;FRANCISCO SÁ;MG;-16,4827;-43,4896;1129
312675;FRANCISCÓPOLIS;MG;-17,9578;-42,0094;25308
312680;FREI GASPAR;MG;-18,0709;-41,4325;46972
312690;FREI INOCÊNCIO;MG;-18,5556;-41,9121;4271
312695;FREI LAGONEGRO;MG;-18,1751;-42,7617;56839
312700;FRONTEIRA;MG;-20,2748;-49,1984;1562
312705;FRONTEIRA DOS VALES;MG;-16,8898;-40,923;21541
312707;FRUTA DE LEITE;MG;-16,1225;-42,5288;56759
312710;FRUTAL;MG;-20,0259;-48,9355;8548
312720;FUNILÂNDIA;MG;-19,3661;-44,061;1750
312730;GALILÉIA;MG;-19,0005;-41,5387;112735
312733;GAMELEIRAS;MG;-15,0829;-43,125;103721
312735;GLAUCILÂNDIA;MG;-16,8481;-43,692;169301
312737;GOIABEIRA;MG;-18,9807;-41,2235;115890
312738;GOIANÁ;MG;-21,536;-43,1957;1813
312740;GONÇALVES;MG;-22,6545;-45,8556;2019
312750;GONZAGA;MG;-18,8196;-42,4769;4805
312760;GOUVEIA;MG;-18,4519;-43,7423;4608
312770;GOVERNADOR VALADARES;MG;-18,8545;-41,9555;5565
312780;GRÃO MOGOL;MG;-16,5662;-42,8923;13423
312790;GRUPIARA;MG;-18,5003;-47,7318;1775
312800;GUANHÃES;MG;-18,7713;-42,9312;5250
312810;GUAPÉ;MG;-20,7631;-45,9152;3288
312820;GUARACIABA;MG;-20,5716;-43,0094;55286
312825;GUARACIAMA;MG;-17,0142;-43,6675;21483
312830;GUARANÉSIA;MG;-21,3009;-46,7964;1414
312840;GUARANI;MG;-21,3563;-43,0328;9940
312850;GUARARÁ;MG;-21,7304;-43,0334;304582
312860;GUARDA-MOR;MG;-17,7673;-47,0998;1805
312870;GUAXUPÉ;MG;-21,305;-46,7081;11016
312880;GUIDOVAL;MG;-21,155;-42,7887;1267
312890;GUIMARÂNIA;MG;-18,8425;-46,7901;1077
312900;GUIRICEMA;MG;-21,0098;-42,7207;5126
312910;GURINHATÃ;MG;-19,2143;-49,7876;1926
312920;HELIODORA;MG;-22,0644;-45,5453;1740
312930;IAPU;MG;-19,4387;-42,2147;1101
312940;IBERTIOGA;MG;-21,433;-43,9639;1353
312950;IBIÁ;MG;-19,4749;-46,5474;5225
312960;IBIAÍ;MG;-16,8591;-44,9046;43798
312965;IBIRACATU;MG;-15,6605;-44,1667;4322
312970;IBIRACI;MG;-20,4611;-47,1222;3270
312980;IBIRITÉ;MG;-20,0252;-44,0569;156235
312990;IBITIÚRA DE MINAS;MG;-22,0604;-46,4368;1633
313000;IBITURUNA;MG;-21,1541;-44,7479;1656
313005;ICARAÍ DE MINAS;MG;-16,214;-44,9034;56020
313010;IGARAPÉ;MG;-20,0707;-44,2994;3074
313020;IGARATINGA;MG;-19,9476;-44,7063;3335
313030;IGUATAMA;MG;-20,1776;-45,7111;1096
313040;IJACI;MG;-21,1738;-44,9233;1801
313050;ILICÍNEA;MG;-20,9402;-45,8308;9454
313055;IMBÉ DE MINAS;MG;-19,6017;-41,9695;48321
313060;INCONFIDENTES;MG;-22,3136;-46,3264;857
313065;INDAIABIRA;MG;-15,4911;-42,2005;47686
313070;INDIANÓPOLIS;MG;-19,0341;-47,9155;1653
313080;INGAÍ;MG;-21,4024;-44,9152;1691
313090;INHAPIM;MG;-19,5476;-42,1147;165
313100;INHAÚMA;MG;-19,4898;-44,3934;1878
313110;INIMUTABA;MG;-18,7271;-44,3584;23686
313115;IPABA;MG;-19,4158;-42,4139;233863
313120;IPANEMA;MG;-19,7992;-41,7164;424764
313130;IPATINGA;MG;-19,4703;-42,5476;5465
313140;IPIAÇU;MG;-18,6927;-49,9436;1812
313150;IPUIÚNA;MG;-22,1013;-46,1915;4701
313160;IRAÍ DE MINAS;MG;-18,9819;-47,461;1636
313170;ITABIRA;MG;-19,6239;-43,2312;5463
313180;ITABIRINHA;MG;-18,5712;-41,234;101487
313190;ITABIRITO;MG;-20,2501;-43,8038;11818
313200;ITACAMBIRA;MG;-17,0625;-43,3069;58298
313210;ITACARAMBI;MG;-15,089;-44,095;102064
313220;ITAGUARA;MG;-20,3947;-44,4875;11078
313230;ITAIPÉ;MG;-17,4014;-41,6697;34574
313240;ITAJUBÁ;MG;-22,4225;-45,4598;5631
313250;ITAMARANDIBA;MG;-17,8552;-42,8561;1495
313260;ITAMARATI DE MINAS;MG;-21,4179;-42,813;241993
313270;ITAMBACURI;MG;-18,035;-41,683;1901
313280;ITAMBÉ DO MATO DENTRO;MG;-19,4158;-43,3182;4978
313290;ITAMOGI;MG;-21,0758;-47,046;7387
313300;ITAMONTE;MG;-22,2859;-44,868;3822
313310;ITANHANDU;MG;-22,2942;-44,9382;2217
313320;ITANHOMI;MG;-19,1736;-41,863;4540
313330;ITAOBIM;MG;-16,5571;-41,5017;16259
313340;ITAPAGIPE;MG;-19,9062;-49,3781;3756
313350;ITAPECERICA;MG;-20,4704;-45,127;3856
313360;ITAPEVA;MG;-22,7665;-46,2241;12402
313370;ITATIAIUÇU;MG;-20,1983;-44,4211;4753
313375;ITAÚ DE MINAS;MG;-20,7375;-46,7525;1867
313380;ITAÚNA;MG;-20,0818;-44,5801;5639
313390;ITAVERAVA;MG;-20,6769;-43,6141;47391
313400;ITINGA;MG;-16,61;-41,7672;87326
313410;ITUETA;MG;-19,3999;-41,1746;18470
313420;ITUIUTABA;MG;-18,9772;-49,4639;5639
313430;ITUMIRIM;MG;-21,3171;-44,8724;14124
313440;ITURAMA;MG;-19,7276;-50,1966;5225
313450;ITUTINGA;MG;-21,3;-44,6567;1799
313460;JABOTICATUBAS;MG;-19,5119;-43,7373;1553
313470;JACINTO;MG;-16,1428;-40,295;7051
313480;JACUÍ;MG;-21,0137;-46,7359;990
313490;JACUTINGA;MG;-22,286;-46,6166;4973
313500;JAGUARAÇU;MG;-19,647;-42,7498;1802
313505;JAÍBA;MG;-15,3432;-43,6688;1153
313507;JAMPRUCA;MG;-18,461;-41,809;15016
313510;JANAÚBA;MG;-15,8022;-43,3132;3835
313520;JANUÁRIA;MG;-15,4802;-44,3639;1328
313530;JAPARAÍBA;MG;-20,1442;-45,5015;1846
313535;JAPONVAR;MG;-15,9891;-44,2758;46988
313540;JECEABA;MG;-20,5339;-43,9894;1766
313545;JENIPAPO DE MINAS;MG;-17,0831;-42,2589;91153
313550;JEQUERI;MG;-20,4542;-42,6651;4325
313560;JEQUITAÍ;MG;-17,229;-44,4376;717
313570;JEQUITIBÁ;MG;-19,2345;-44,0304;2188
313580;JEQUITINHONHA;MG;-16,4375;-41,0117;9491
313590;JESUÂNIA;MG;-21,9887;-45,2911;1542
313600;JOAÍMA;MG;-16,6522;-41,0229;1117
313610;JOANÉSIA;MG;-19,1729;-42,6775;1718
313620;JOÃO MONLEVADE;MG;-19,8126;-43,1735;8540
313630;JOÃO PINHEIRO;MG;-17,7398;-46,1715;10828
313640;JOAQUIM FELÍCIO;MG;-17,758;-44,1643;13653
313650;JORDÂNIA;MG;-15,9009;-40,1841;991
313652;JOSÉ GONÇALVES DE MINAS;MG;-16,9053;-42,6014;104336
313655;JOSÉ RAYDAN;MG;-18,2195;-42,4946;67740
313657;JOSENÓPOLIS;MG;-16,5417;-42,5151;4774
313665;JUATUBA;MG;-19,9448;-44,3451;5050
313670;JUIZ DE FORA;MG;-21,7595;-43,3398;10899
313680;JURAMENTO;MG;-16,8473;-43,5865;6706
313690;JURUAIA;MG;-21,2493;-46,5735;22503
313695;JUVENÍLIA;MG;-14,2662;-44,1597;147546
313700;LADAINHA;MG;-17,6279;-41,7488;56406
313710;LAGAMAR;MG;-18,1759;-46,8063;867
313720;LAGOA DA PRATA;MG;-20,0237;-45,5401;11818
313730;LAGOA DOS PATOS;MG;-16,978;-44,5754;24080
313740;LAGOA DOURADA;MG;-20,9139;-44,0797;6540
313750;LAGOA FORMOSA;MG;-18,7715;-46,4012;5081
313760;LAGOA SANTA;MG;-19,6397;-43,8932;1834
313770;LAJINHA;MG;-20,1539;-41,6228;777
313780;LAMBARI;MG;-21,9671;-45,3498;1736
313790;LAMIM;MG;-20,79;-43,4706;97883
313800;LARANJAL;MG;-21,3715;-42,4732;16017
313810;LASSANCE;MG;-17,887;-44,5735;1497
313820;LAVRAS;MG;-21,248;-45,0009;5103
313830;LEANDRO FERREIRA;MG;-19,7193;-45,0279;2161
313835;LEME DO PRADO;MG;-17,0793;-42,6936;107714
313840;LEOPOLDINA;MG;-21,5296;-42,6421;4698
313850;LIBERDADE;MG;-22,0275;-44,3208;1453
313860;LIMA DUARTE;MG;-21,8386;-43,7934;1726
313862;LIMEIRA DO OESTE;MG;-19,5512;-50,5815;1011
313865;LONTRA;MG;-15,9013;-44,306;1325
313867;LUISBURGO;MG;-20,4468;-42,0976;3151
313868;LUISLÂNDIA;MG;-16,1095;-44,5886;46756
313870;LUMINÁRIAS;MG;-21,5145;-44,9034;1694
313880;LUZ;MG;-19,7911;-45,6794;2010
313890;MACHACALIS;MG;-17,0723;-40,7245;102879
313900;MACHADO;MG;-21,6778;-45,9219;5285
313910;MADRE DE DEUS DE MINAS;MG;-21,483;-44,3287;1588
313920;MALACACHETA;MG;-17,8456;-42,0769;699
313925;MAMONAS;MG;-15,0479;-42,9469;86896
313930;MANGA;MG;-14,7529;-43,9391;708
313940;MANHUAÇU;MG;-20,2572;-42,028;10963
313950;MANHUMIRIM;MG;-20,3591;-41,9589;948
313960;MANTENA;MG;-18,7761;-40,9874;1865
313970;MARAVILHAS;MG;-19,5076;-44,6779;703
313980;MAR DE ESPANHA;MG;-21,8707;-43,0062;3341
313990;MARIA DA FÉ;MG;-22,3044;-45,3773;1947
314000;MARIANA;MG;-20,3765;-43,414;8347
314010;MARILAC;MG;-18,5079;-42,0822;339974
314015;MÁRIO CAMPOS;MG;-20,0582;-44,1883;155931
314020;MARIPÁ DE MINAS;MG;-21,6979;-42,9546;1699
314030;MARLIÉRIA;MG;-19,7096;-42,7327;15194
314040;MARMELÓPOLIS;MG;-22,447;-45,1645;10927
314050;MARTINHO CAMPOS;MG;-19,3306;-45,2434;3324
314053;MARTINS SOARES;MG;-20,2546;-41,8786;694
314055;MATA VERDE;MG;-15,6869;-40,7366;101763
314060;MATERLÂNDIA;MG;-18,4699;-43,0579;51032
314070;MATEUS LEME;MG;-19,9794;-44,4318;3402
314080;MATIAS BARBOSA;MG;-21,869;-43,3135;1937
314085;MATIAS CARDOSO;MG;-14,8563;-43,9146;752
314090;MATIPÓ;MG;-20,2873;-42,3401;4260
314100;MATO VERDE;MG;-15,3944;-42,86;4145
314110;MATOZINHOS;MG;-19,5543;-44,0868;9654
314120;MATUTINA;MG;-19,2179;-45,9664;1415
314130;MEDEIROS;MG;-19,9865;-46,2181;1863
314140;MEDINA;MG;-16,2245;-41,4728;9707
314150;MENDES PIMENTEL;MG;-18,6631;-41,4052;4960
314160;MERCÊS;MG;-21,1976;-43,3337;1022
314170;MESQUITA;MG;-19,224;-42,6079;21868
314180;MINAS NOVAS;MG;-17,2156;-42,5884;54827
314190;MINDURI;MG;-21,6797;-44,6051;1418
314200;MIRABELA;MG;-16,256;-44,1602;265166
314210;MIRADOURO;MG;-20,8899;-42,3458;1372
314220;MIRAÍ;MG;-21,2021;-42,6122;2038
314225;MIRAVÂNIA;MG;-14,7348;-44,4092;56396
314230;MOEDA;MG;-20,3399;-44,0509;117751
314240;MOEMA;MG;-19,8387;-45,4127;1486
314250;MONJOLOS;MG;-18,3245;-44,118;1419
314260;MONSENHOR PAULO;MG;-21,7579;-45,5391;7666
314270;MONTALVÂNIA;MG;-14,4197;-44,3719;1061
314280;MONTE ALEGRE DE MINAS;MG;-18,869;-48,881;3859
314290;MONTE AZUL;MG;-15,1514;-42,8718;1418
314300;MONTE BELO;MG;-21,3271;-46,3635;5494
314310;MONTE CARMELO;MG;-18,7302;-47,4912;11744
314315;MONTE FORMOSO;MG;-16,8691;-41,2473;55310
314320;MONTE SANTO DE MINAS;MG;-21,1873;-46,9753;3179
314330;MONTES CLAROS;MG;-16,7282;-43,8578;5435
314340;MONTE SIÃO;MG;-22,4335;-46,573;3298
314345;MONTEZUMA;MG;-15,1702;-42,4941;35926
314350;MORADA NOVA DE MINAS;MG;-18,5998;-45,3584;11344
314360;MORRO DA GARÇA;MG;-18,5356;-44,601;1231
314370;MORRO DO PILAR;MG;-19,2236;-43,3795;19262
314380;MUNHOZ;MG;-22,6092;-46,362;1673
314390;MURIAÉ;MG;-21,13;-42,3693;3725
314400;MUTUM;MG;-19,8121;-41,4407;682
314410;MUZAMBINHO;MG;-21,3692;-46,5213;4701
314420;NACIP RAYDAN;MG;-18,4544;-42,2481;30855
314430;NANUQUE;MG;-17,8481;-40,3533;3290
314435;NAQUE;MG;-19,2291;-42,3312;159181
314437;NATALÂNDIA;MG;-16,5021;-46,4874;1491
314440;NATÉRCIA;MG;-22,1158;-45,5123;1537
314450;NAZARENO;MG;-21,2168;-44,6138;12315
314460;NEPOMUCENO;MG;-21,2324;-45,235;8361
314465;NINHEIRA;MG;-15,3148;-41,7564;54068
314467;NOVA BELÉM;MG;-18,4925;-41,1107;1499
314470;NOVA ERA;MG;-19,7577;-43,0333;1364
314480;NOVA LIMA;MG;-19,9758;-43,8509;5569
314490;NOVA MÓDICA;MG;-18,4417;-41,4984;31546
314500;NOVA PONTE;MG;-19,1461;-47,6779;2058
314505;NOVA PORTEIRINHA;MG;-15,7993;-43,2941;6829
314510;NOVA RESENDE;MG;-21,1286;-46,4157;638
314520;NOVA SERRANA;MG;-19,8713;-44,9847;5149
314530;NOVO CRUZEIRO;MG;-17,4654;-41,8826;82695
314535;NOVO ORIENTE DE MINAS;MG;-17,4089;-41,2194;33701
314537;NOVORIZONTE;MG;-16,0162;-42,4044;46641
314540;OLARIA;MG;-21,8598;-43,9356;1652
314545;OLHOS-D'ÁGUA;MG;-17,3982;-43,5719;1825
314550;OLÍMPIO NORONHA;MG;-22,0685;-45,2657;168971
314560;OLIVEIRA;MG;-20,6982;-44,829;3361
314570;OLIVEIRA FORTES;MG;-21,3401;-43,4499;1754
314580;ONÇA DE PITANGUI;MG;-19,7276;-44,8058;2350
314585;ORATÓRIOS;MG;-20,4298;-42,7977;35327
314587;ORIZÂNIA;MG;-20,5142;-42,1991;46905
314600;OURO FINO;MG;-22,2779;-46,3716;17789
314610;OURO PRETO;MG;-20,3796;-43,512;8336
314620;OURO VERDE DE MINAS;MG;-18,0719;-41,2734;35927
314625;PADRE CARVALHO;MG;-16,3646;-42,5088;30953
314630;PADRE PARAÍSO;MG;-17,0758;-41,4821;2846
314640;PAINEIRAS;MG;-18,8993;-45,5321;1937
314650;PAINS;MG;-20,3705;-45,6627;1030
314655;PAI PEDRO;MG;-15,5271;-43,07;53227
314660;PAIVA;MG;-21,2913;-43,4088;2051
314670;PALMA;MG;-21,3748;-42,3123;154677
314675;PALMÓPOLIS;MG;-16,7364;-40,4296;30162
314690;PAPAGAIOS;MG;-19,4419;-44,7468;1659
314700;PARACATU;MG;-17,2252;-46,8711;5549
314710;PARÁ DE MINAS;MG;-19,8534;-44,6114;5471
314720;PARAGUAÇU;MG;-21,5465;-45,7374;1577
314730;PARAISÓPOLIS;MG;-22,5539;-45,7803;1691
314740;PARAOPEBA;MG;-19,2732;-44,4044;9936
314750;PASSABÉM;MG;-19,3509;-43,1383;52847
314760;PASSA QUATRO;MG;-22,3871;-44,9709;5288
314770;PASSA TEMPO;MG;-20,6539;-44,4926;1459
314790;PASSOS;MG;-20,7193;-46,609;5582
314795;PATIS;MG;-16,0773;-44,0787;33823
314800;PATOS DE MINAS;MG;-18,5699;-46,5013;5445
314810;PATROCÍNIO;MG;-18,9379;-46,9934;8336
314820;PATROCÍNIO DO MURIAÉ;MG;-21,1544;-42,2125;1714
314830;PAULA CÂNDIDO;MG;-20,8754;-42,9752;707
314840;PAULISTAS;MG;-18,4276;-42,8628;36231
314850;PAVÃO;MG;-17,4267;-41,0035;52149
314860;PEÇANHA;MG;-18,5441;-42,5583;748
314870;PEDRA AZUL;MG;-16,0086;-41,2909;232084
314875;PEDRA BONITA;MG;-20,5219;-42,3304;49089
314880;PEDRA DO ANTA;MG;-20,5968;-42,7123;1929
314890;PEDRA DO INDAIÁ;MG;-20,2563;-45,2107;1843
314900;PEDRA DOURADA;MG;-20,8266;-42,1515;23166
314910;PEDRALVA;MG;-22,2386;-45,4654;1509
314915;PEDRAS DE MARIA DA CRUZ;MG;-15,6032;-44,391;1058
314920;PEDRINÓPOLIS;MG;-19,2241;-47,4579;1559
314930;PEDRO LEOPOLDO;MG;-19,6308;-44,0383;8306
314940;PEDRO TEIXEIRA;MG;-21,7076;-43,743;10592
314950;PEQUERI;MG;-21,8341;-43,1145;3250
314960;PEQUI;MG;-19,6284;-44,6604;1703
314970;PERDIGÃO;MG;-19,9411;-45,078;2078
314980;PERDIZES;MG;-19,3434;-47,2963;3804
314990;PERDÕES;MG;-21,0932;-45,0896;1998
314995;PERIQUITO;MG;-19,1573;-42,2333;22411
315000;PESCADOR;MG;-18,357;-41,6006;348881
315010;PIAU;MG;-21,5096;-43,313;1648
315015;PIEDADE DE CARATINGA;MG;-19,7593;-42,0756;1108
315020;PIEDADE DE PONTE NOVA;MG;-20,2438;-42,7379;242501
315030;PIEDADE DO RIO GRANDE;MG;-21,469;-44,1938;1555
315040;PIEDADE DOS GERAIS;MG;-20,4715;-44,2243;2963
315050;PIMENTA;MG;-20,4827;-45,8049;2334
315053;PINGO-D'ÁGUA;MG;-19,7287;-42,4095;107401
315057;PINTÓPOLIS;MG;-16,0572;-45,1402;88465
315060;PIRACEMA;MG;-20,5089;-44,4783;1755
315070;PIRAJUBA;MG;-19,9092;-48,7027;1864
315080;PIRANGA;MG;-20,6834;-43,2967;56431
315090;PIRANGUÇU;MG;-22,5249;-45,4945;85577
315100;PIRANGUINHO;MG;-22,395;-45,5324;5034
315110;PIRAPETINGA;MG;-21,6554;-42,3434;3283
315120;PIRAPORA;MG;-17,3392;-44,934;8423
315130;PIRAÚBA;MG;-21,2825;-43,0172;3015
315140;PITANGUI;MG;-19,6741;-44,8964;3206
315150;PIUMHI;MG;-20,4762;-45,9589;9923
315160;PLANURA;MG;-20,1376;-48,7;3369
315170;POÇO FUNDO;MG;-21,78;-45,9658;1437
315180;POÇOS DE CALDAS;MG;-21,78;-46,5692;5548
315190;POCRANE;MG;-19,6208;-41,6334;57439
315200;POMPÉU;MG;-19,2257;-45,0141;9816
315210;PONTE NOVA;MG;-20,4111;-42,8978;8336
315213;PONTO CHIQUE;MG;-16,6282;-45,0588;23028
315217;PONTO DOS VOLANTES;MG;-16,7473;-41,5025;55998
315220;PORTEIRINHA;MG;-15,7404;-43,0281;1491
315230;PORTO FIRME;MG;-20,6642;-43,0834;172613
315240;POTÉ;MG;-17,8077;-41,786;1208
315250;POUSO ALEGRE;MG;-22,2266;-45,9389;5568
315260;POUSO ALTO;MG;-22,1964;-44,9748;1756
315270;PRADOS;MG;-21,0597;-44,0778;7258
315290;PRATÁPOLIS;MG;-20,7411;-46,8624;1107
315300;PRATINHA;MG;-19,739;-46,3755;2111
315310;PRESIDENTE BERNARDES;MG;-20,7656;-43,1895;90931
315330;PRESIDENTE KUBITSCHEK;MG;-18,6193;-43,5628;32425
315340;PRESIDENTE OLEGÁRIO;MG;-18,4096;-46,4165;3714
315350;ALTO JEQUITIBÁ;MG;-20,4208;-41,967;4372
315360;PRUDENTE DE MORAIS;MG;-19,4742;-44,1591;3216
315370;QUARTEL GERAL;MG;-19,2703;-45,5569;1858
315380;QUELUZITO;MG;-20,7416;-43,8851;2028
315390;RAPOSOS;MG;-19,9636;-43,8079;1310
315400;RAUL SOARES;MG;-20,1061;-42,4502;282
315410;RECREIO;MG;-21,5289;-42,4676;106170
315415;REDUTO;MG;-20,2401;-41,9848;4422
315420;RESENDE COSTA;MG;-20,9171;-44,2407;2017
315430;RESPLENDOR;MG;-19,3194;-41,2462;46594
315440;RESSAQUINHA;MG;-21,0642;-43,7598;1654
315450;RIACHO DOS MACHADOS;MG;-16,0091;-43,0488;32362
315460;RIBEIRÃO DAS NEVES;MG;-19,7621;-44,0844;148228
315470;RIBEIRÃO VERMELHO;MG;-21,1879;-45,0637;1764
315480;RIO ACIMA;MG;-20,0876;-43,7878;2078
315490;RIO CASCA;MG;-20,2285;-42,6462;1881
315500;RIO DOCE;MG;-20,2412;-42,8995;1608
315510;RIO DO PRADO;MG;-16,6056;-40,5714;4709
315520;RIO ESPERA;MG;-20,855;-43,4721;87254
315530;RIO MANSO;MG;-20,2666;-44,3069;1936
315540;RIO NOVO;MG;-21,4649;-43,1168;106527
315550;RIO PARANAÍBA;MG;-19,1861;-46,2455;4707
315560;RIO PARDO DE MINAS;MG;-15,616;-42,5405;103983
315570;RIO PIRACICABA;MG;-19,9284;-43,1829;1417
315580;RIO POMBA;MG;-21,2712;-43,1696;1518
315590;RIO PRETO;MG;-22,0861;-43,8293;245261
315600;RIO VERMELHO;MG;-18,2922;-43,0018;33179
315610;RITÁPOLIS;MG;-21,0276;-44,3204;1575
315620;ROCHEDO DE MINAS;MG;-21,6284;-43,0165;1690
315630;RODEIRO;MG;-21,2035;-42,8586;995
315640;ROMARIA;MG;-18,8838;-47,5782;1884
315645;ROSÁRIO DA LIMEIRA;MG;-20,9812;-42,5112;4903
315650;RUBELITA;MG;-16,4053;-42,261;46658
315660;RUBIM;MG;-16,3775;-40,5397;103452
315670;SABARÁ;MG;-19,884;-43,8263;5335
315680;SABINÓPOLIS;MG;-18,6653;-43,0752;1137
315690;SACRAMENTO;MG;-19,8622;-47,4508;5647
315700;SALINAS;MG;-16,1753;-42,2964;165844
315710;SALTO DA DIVISA;MG;-16,0063;-39,9391;115507
315725;SANTA BÁRBARA DO LESTE;MG;-19,9753;-42,1457;2442
315727;SANTA BÁRBARA DO MONTE VERDE;MG;-21,9592;-43,7027;1106
315730;SANTA BÁRBARA DO TUGÚRIO;MG;-21,2431;-43,5607;5361
315733;SANTA CRUZ DE MINAS;MG;-21,1241;-44,2202;253894
315737;SANTA CRUZ DE SALINAS;MG;-16,0967;-41,7418;221790
315740;SANTA CRUZ DO ESCALVADO;MG;-20,2372;-42,8169;87279
315750;SANTA EFIGÊNIA DE MINAS;MG;-18,8235;-42,4388;21825
315760;SANTA FÉ DE MINAS;MG;-16,6859;-45,4102;25499
315765;SANTA HELENA DE MINAS;MG;-16,9707;-40,6727;33075
315770;SANTA JULIANA;MG;-19,3108;-47,5322;2098
315790;SANTA MARGARIDA;MG;-20,3839;-42,2519;1404
315800;SANTA MARIA DE ITABIRA;MG;-19,4431;-43,1064;1844
315810;SANTA MARIA DO SALTO;MG;-16,2479;-40,1512;30363
315820;SANTA MARIA DO SUAÇUÍ;MG;-18,1896;-42,4139;8635
315830;SANTANA DA VARGEM;MG;-21,2449;-45,5005;1470
315840;SANTANA DE CATAGUASES;MG;-21,2893;-42,5524;279790
315850;SANTANA DE PIRAPAMA;MG;-18,9962;-44,0409;26223
315860;SANTANA DO DESERTO;MG;-21,9512;-43,1583;63144
315870;SANTANA DO GARAMBÉU;MG;-21,5983;-44,105;26314
315880;SANTANA DO JACARÉ;MG;-20,9007;-45,1285;1336
315890;SANTANA DO MANHUAÇU;MG;-20,1031;-41,9278;60276
315895;SANTANA DO PARAÍSO;MG;-19,3661;-42,5446;3248
315900;SANTANA DO RIACHO;MG;-19,1662;-43,722;1546
315910;SANTANA DOS MONTES;MG;-20,7868;-43,6949;15277
315920;SANTA RITA DE CALDAS;MG;-22,0292;-46,3385;3632
315930;SANTA RITA DE JACUTINGA;MG;-22,1474;-44,0977;15663
315935;SANTA RITA DE MINAS;MG;-19,876;-42,1363;884
315940;SANTA RITA DE IBITIPOCA;MG;-21,5658;-43,9163;1310
315950;SANTA RITA DO ITUETO;MG;-19,3576;-41,3821;1271
315960;SANTA RITA DO SAPUCAÍ;MG;-22,2461;-45,7034;5254
315970;SANTA ROSA DA SERRA;MG;-19,5186;-45,9611;1663
315980;SANTA VITÓRIA;MG;-18,8414;-50,1208;2106
315990;SANTO ANTÔNIO DO AMPARO;MG;-20,943;-44,9176;1631
316000;SANTO ANTÔNIO DO AVENTUREIRO;MG;-21,7606;-42,8115;1665
316010;SANTO ANTÔNIO DO GRAMA;MG;-20,3185;-42,6047;1436
316020;SANTO ANTÔNIO DO ITAMBÉ;MG;-18,4609;-43,3006;56421
316030;SANTO ANTÔNIO DO JACINTO;MG;-16,5332;-40,1817;841
316040;SANTO ANTÔNIO DO MONTE;MG;-20,085;-45,2947;4808
316045;SANTO ANTÔNIO DO RETIRO;MG;-15,3393;-42,6171;47209
316050;SANTO ANTÔNIO DO RIO ABAIXO;MG;-19,2374;-43,2604;3623
316060;SANTO HIPÓLITO;MG;-18,2968;-44,2229;22643
316070;SANTOS DUMONT;MG;-21,4634;-43,5499;4812
316080;SÃO BENTO ABADE;MG;-21,5839;-45,0699;266160
316090;SÃO BRÁS DO SUAÇUÍ;MG;-20,6242;-43,9515;1642
316095;SÃO DOMINGOS DAS DORES;MG;-19,5246;-42,0106;38307
316100;SÃO DOMINGOS DO PRATA;MG;-19,8678;-42,971;1077
316105;SÃO FÉLIX DE MINAS;MG;-18,5959;-41,4889;32016
316120;SÃO FRANCISCO DE PAULA;MG;-20,7036;-44,9838;1643
316130;SÃO FRANCISCO DE SALES;MG;-19,8611;-49,7727;2023
316140;SÃO FRANCISCO DO GLÓRIA;MG;-20,7923;-42,2673;10444
316150;SÃO GERALDO;MG;-20,9252;-42,8364;5212
316160;SÃO GERALDO DA PIEDADE;MG;-18,8411;-42,2867;54989
316165;SÃO GERALDO DO BAIXIO;MG;-18,9097;-41,363;17611
316170;SÃO GONÇALO DO ABAETÉ;MG;-18,3315;-45,8265;1027
316180;SÃO GONÇALO DO PARÁ;MG;-19,9822;-44,8593;4610
316190;SÃO GONÇALO DO RIO ABAIXO;MG;-19,8221;-43,366;59315
316200;SÃO GONÇALO DO SAPUCAÍ;MG;-21,8932;-45,5893;9667
316210;SÃO GOTARDO;MG;-19,3087;-46,0465;11055
316220;SÃO JOÃO BATISTA DO GLÓRIA;MG;-20,635;-46,508;1047
316225;SÃO JOÃO DA LAGOA;MG;-16,8455;-44,3507;4910
316230;SÃO JOÃO DA MATA;MG;-21,928;-45,9297;1696
316240;SÃO JOÃO DA PONTE;MG;-15,9271;-44,0096;83436
316245;SÃO JOÃO DAS MISSÕES;MG;-14,8859;-44,0922;56060
316250;SÃO JOÃO DEL REI;MG;-21,1311;-44,2526;13161
316255;SÃO JOÃO DO MANHUAÇU;MG;-20,3933;-42,1533;32741
316257;SÃO JOÃO DO MANTENINHA;MG;-18,723;-41,1628;16693
316260;SÃO JOÃO DO ORIENTE;MG;-19,3384;-42,1575;106731
316265;SÃO JOÃO DO PACUÍ;MG;-16,5373;-44,5134;92397
316280;SÃO JOÃO EVANGELISTA;MG;-18,548;-42,7655;3198
316290;SÃO JOÃO NEPOMUCENO;MG;-21,5381;-43,0069;2171
316292;SÃO JOAQUIM DE BICAS;MG;-20,048;-44,2749;6646
316294;SÃO JOSÉ DA BARRA;MG;-20,7178;-46,313;1011
316295;SÃO JOSÉ DA LAPA;MG;-19,6971;-43,9586;1630
316300;SÃO JOSÉ DA SAFIRA;MG;-18,3243;-42,1431;30353
316310;SÃO JOSÉ DA VARGINHA;MG;-19,7006;-44,556;1886
316320;SÃO JOSÉ DO ALEGRE;MG;-22,3243;-45,5258;26314
316340;SÃO JOSÉ DO GOIABAL;MG;-19,9214;-42,7035;25643
316350;SÃO JOSÉ DO JACURI;MG;-18,281;-42,6729;5296
316360;SÃO JOSÉ DO MANTIMENTO;MG;-20,0058;-41,7486;33512
316370;SÃO LOURENÇO;MG;-22,1166;-45,0506;11496
316380;SÃO MIGUEL DO ANTA;MG;-20,7067;-42,7174;4082
316390;SÃO PEDRO DA UNIÃO;MG;-21,131;-46,6123;1754
316400;SÃO PEDRO DOS FERROS;MG;-20,1732;-42,5251;1093
316410;SÃO PEDRO DO SUAÇUÍ;MG;-18,3609;-42,5981;4031
316420;SÃO ROMÃO;MG;-16,3641;-45,0749;3462
316430;SÃO ROQUE DE MINAS;MG;-20,249;-46,3639;1398
316440;SÃO SEBASTIÃO DA BELA VISTA;MG;-22,1583;-45,7546;1796
316443;SÃO SEBASTIÃO DA VARGEM ALEGRE;MG;-19,7477;-43,3679;1599
316447;SÃO SEBASTIÃO DO ANTA;MG;-19,5064;-41,985;30996
316450;SÃO SEBASTIÃO DO MARANHÃO;MG;-18,0873;-42,5659;56240
316460;SÃO SEBASTIÃO DO OESTE;MG;-20,2758;-45,0063;1807
316470;SÃO SEBASTIÃO DO PARAÍSO;MG;-20,9167;-46,9837;12438
316480;SÃO SEBASTIÃO DO RIO PRETO;MG;-19,2959;-43,1757;1400
316490;SÃO SEBASTIÃO DO RIO VERDE;MG;-22,2183;-44,9761;2341
316500;SÃO TIAGO;MG;-20,9075;-44,5098;1830
316510;SÃO TOMÁS DE AQUINO;MG;-20,7791;-47,0962;2054
316530;SÃO VICENTE DE MINAS;MG;-21,7042;-44,4431;1014
316540;SAPUCAÍ-MIRIM;MG;-22,7409;-45,738;1289
316550;SARDOÁ;MG;-18,7828;-42,3629;47658
316553;SARZEDO;MG;-20,0367;-44,1446;4962
316555;SETUBINHA;MG;-17,6002;-42,1587;55664
316556;SEM-PEIXE;MG;-20,1008;-42,8483;4857
316557;SENADOR AMARAL;MG;-22,5869;-46,1763;17743
316560;SENADOR CORTES;MG;-21,7986;-42,9424;1835
316570;SENADOR FIRMINO;MG;-20,9158;-43,0904;17869
316580;SENADOR JOSÉ BENTO;MG;-22,1633;-46,1792;1733
316590;SENADOR MODESTINO GONÇALVES;MG;-17,9465;-43,2172;1238
316600;SENHORA DE OLIVEIRA;MG;-20,7972;-43,3394;13799
316610;SENHORA DO PORTO;MG;-18,8909;-43,0799;54983
316620;SENHORA DOS REMÉDIOS;MG;-21,0351;-43,5812;104604
316630;SERICITA;MG;-20,4748;-42,4828;1190
316640;SERITINGA;MG;-21,9134;-44,518;1675
316650;SERRA AZUL DE MINAS;MG;-18,3602;-43,1675;34668
316660;SERRA DA SAUDADE;MG;-19,4447;-45,795;1238
316670;SERRA DOS AIMORÉS;MG;-17,7872;-40,2453;154073
316680;SERRA DO SALITRE;MG;-19,1083;-46,6961;9585
316690;SERRANIA;MG;-21,5441;-46,0417;1356
316695;SERRANÓPOLIS DE MINAS;MG;-15,8176;-42,8732;123039
316700;SERRANOS;MG;-21,8857;-44,5125;1407
316710;SERRO;MG;-18,5991;-43,3744;1358
316720;SETE LAGOAS;MG;-19,4569;-44,2413;5561
316730;SILVEIRÂNIA;MG;-21,1615;-43,2128;20913
316740;SILVIANÓPOLIS;MG;-22,0274;-45,8385;1840
316750;SIMÃO PEREIRA;MG;-21,964;-43,3088;1555
316760;SIMONÉSIA;MG;-20,1341;-42,0091;89048
316770;SOBRÁLIA;MG;-19,2345;-42,0998;22156
316780;SOLEDADE DE MINAS;MG;-22,0554;-45,0464;18302
316790;TABULEIRO;MG;-21,3632;-43,2381;1802
316800;TAIOBEIRAS;MG;-15,8106;-42,2259;154995
316805;TAPARUBA;MG;-19,7621;-41,608;41408
316810;TAPIRA;MG;-19,9166;-46,8264;1873
316820;TAPIRAÍ;MG;-19,8936;-46,0221;1734
316830;TAQUARAÇU DE MINAS;MG;-19,6652;-43,6922;112918
316840;TARUMIRIM;MG;-19,2835;-42,0097;1485
316850;TEIXEIRAS;MG;-20,6561;-42,8564;3152
316860;TEÓFILO OTONI;MG;-17,8595;-41,5087;4897
316870;TIMÓTEO;MG;-19,5811;-42,6471;8540
316880;TIRADENTES;MG;-21,1102;-44,1744;1499
316890;TIROS;MG;-19,0037;-45,9626;1750
316900;TOCANTINS;MG;-21,1774;-43,0127;1682
316905;TOCOS DO MOJI;MG;-22,3698;-46,0971;5262
316910;TOLEDO;MG;-22,7421;-46,3728;33118
316920;TOMBOS;MG;-20,9086;-42,0228;165815
316930;TRÊS CORAÇÕES;MG;-21,6921;-45,2511;8316
316935;TRÊS MARIAS;MG;-18,2048;-45,2473;5305
316940;TRÊS PONTAS;MG;-21,3694;-45,5109;12068
316950;TUMIRITINGA;MG;-18,9844;-41,6527;27638
316960;TUPACIGUARA;MG;-18,5866;-48,6985;5218
316970;TURMALINA;MG;-17,2828;-42,7285;2056
316980;TURVOLÂNDIA;MG;-21,8733;-45,7859;2030
316990;UBÁ;MG;-21,1204;-42,9359;11239
317000;UBAÍ;MG;-16,2885;-44,7783;993
317005;UBAPORANGA;MG;-19,6351;-42,1059;787
317010;UBERABA;MG;-19,7472;-47,9381;5611
317020;UBERLÂNDIA;MG;-18,9141;-48,2749;5619
317030;UMBURATIBA;MG;-17,2548;-40,5779;1301
317040;UNAÍ;MG;-16,3592;-46,9022;5108
317043;UNIÃO DE MINAS;MG;-19,5299;-50,338;1692
317047;URUANA DE MINAS;MG;-16,0634;-46,2443;1941
317050;URUCÂNIA;MG;-20,3521;-42,737;11622
317052;URUCUIA;MG;-16,1244;-45,7352;46937
317057;VARGEM ALEGRE;MG;-19,5988;-42,2949;31660
317060;VARGEM BONITA;MG;-20,3333;-46,3688;1892
317065;VARGEM GRANDE DO RIO PARDO;MG;-15,3987;-42,3085;5234
317070;VARGINHA;MG;-21,5556;-45,4364;5669
317075;VARJÃO DE MINAS;MG;-18,3741;-46,0313;1827
317080;VÁRZEA DA PALMA;MG;-17,5944;-44,7226;5117
317090;VARZELÂNDIA;MG;-15,6992;-44,0278;76127
317100;VAZANTE;MG;-17,9827;-46,9088;2050
317103;VERDELÂNDIA;MG;-15,5845;-43,6121;1104
317107;VEREDINHA;MG;-17,3974;-42,7307;1471
317110;VERÍSSIMO;MG;-19,6657;-48,3118;1544
317115;VERMELHO NOVO;MG;-20,0406;-42,2688;57134
317120;VESPASIANO;MG;-19,6883;-43,9239;3691
317130;VIÇOSA;MG;-20,7559;-42,8742;10037
317140;VIEIRAS;MG;-20,867;-42,2401;14358
317150;MATHIAS LOBATO;MG;-18,59;-41,9166;120932
317160;VIRGEM DA LAPA;MG;-16,807;-42,3431;762
317170;VIRGÍNIA;MG;-22,3264;-45,0965;22677
317180;VIRGINÓPOLIS;MG;-18,8154;-42,7015;4279
317190;VIRGOLÂNDIA;MG;-18,4738;-42,3067;32543
317200;VISCONDE DO RIO BRANCO;MG;-21,0127;-42,8361;10070
317210;VOLTA GRANDE;MG;-21,7671;-42,5375;2065
317220;WENCESLAU BRAZ;MG;-22,5368;-45,3626;4827
320010;AFONSO CLÁUDIO;ES;-20,0778;-41,1261;1063
320013;ÁGUIA BRANCA;ES;-18,9846;-40,7437;36243
320016;ÁGUA DOCE DO NORTE;ES;-18,5482;-40,9854;1458
320020;ALEGRE;ES;-20,758;-41,5382;1844
320030;ALFREDO CHAVES;ES;-20,6396;-40,7543;12737
320035;ALTO RIO NOVO;ES;-19,0618;-41,0209;13781
320040;ANCHIETA;ES;-20,7955;-40,6425;26129
320050;APIACÁ;ES;-21,1523;-41,5693;10309
320060;ARACRUZ;ES;-19,82;-40,2764;5470
320080;BAIXO GUANDU;ES;-19,5213;-41,0109;28789
320090;BARRA DE SÃO FRANCISCO;ES;-18,7548;-40,8965;5180
320110;BOM JESUS DO NORTE;ES;-21,1173;-41,6731;2188
320115;BREJETUBA;ES;-20,1395;-41,2954;32919
320120;CACHOEIRO DE ITAPEMIRIM;ES;-20,8462;-41,1198;5254
320130;CARIACICA;ES;-20,2632;-40,4165;7252
320140;CASTELO;ES;-20,6033;-41,2031;11518
320150;COLATINA;ES;-19,5493;-40,6269;11818
320160;CONCEIÇÃO DA BARRA;ES;-18,5883;-39,7362;1650
320170;CONCEIÇÃO DO CASTELO;ES;-20,3639;-41,2417;4738
320180;DIVINO DE SÃO LOURENÇO;ES;-20,6229;-41,6937;2990
320190;DOMINGOS MARTINS;ES;-20,3603;-40,6594;16683
320200;DORES DO RIO PRETO;ES;-20,6931;-41,8405;1793
320210;ECOPORANGA;ES;-18,3702;-40,836;1000
320220;FUNDÃO;ES;-19,937;-40,4078;1376
320225;GOVERNADOR LINDENBERG;ES;-19,1864;-40,4473;34183
320230;GUAÇUÍ;ES;-20,7668;-41,6734;1857
320240;GUARAPARI;ES;-20,6772;-40,5093;3091
320245;IBATIBA;ES;-20,2347;-41,5087;1700
320250;IBIRAÇU;ES;-19,8366;-40,3732;7561
320255;IBITIRAMA;ES;-20,5466;-41,6667;31996
320260;ICONHA;ES;-20,7913;-40,8132;2025
320265;IRUPI;ES;-20,3501;-41,6444;27902
320270;ITAGUAÇU;ES;-19,8018;-40,8601;3741
320280;ITAPEMIRIM;ES;-21,0095;-40,8307;7511
320290;ITARANA;ES;-19,875;-40,8753;33911
320300;IÚNA;ES;-20,3531;-41,5334;722
320305;JAGUARÉ;ES;-18,907;-40,0759;1856
320310;JERÔNIMO MONTEIRO;ES;-20,7994;-41,3948;109301
320313;JOÃO NEIVA;ES;-19,7577;-40,386;1620
320316;LARANJA DA TERRA;ES;-19,8994;-41,0621;43813
320320;LINHARES;ES;-19,3946;-40,0643;5415
320330;MANTENÓPOLIS;ES;-18,8594;-41,124;1601
320332;MARATAÍZES;ES;-21,0398;-40,8384;5667
320334;MARECHAL FLORIANO;ES;-20,4159;-40,67;3812
320335;MARILÂNDIA;ES;-19,4114;-40,5456;4638
320340;MIMOSO DO SUL;ES;-21,0628;-41,3615;1608
320350;MONTANHA;ES;-18,1303;-40,3668;3679
320360;MUCURICI;ES;-18,0965;-40,52;1177
320370;MUNIZ FREIRE;ES;-20,4652;-41,4156;10655
320380;MUQUI;ES;-20,9509;-41,346;1548
320390;NOVA VENÉCIA;ES;-18,715;-40,4053;12244
320400;PANCAS;ES;-19,2229;-40,8534;72148
320405;PEDRO CANÁRIO;ES;-18,3004;-39,9574;150106
320410;PINHEIROS;ES;-18,4141;-40,2171;20158
320420;PIÚMA;ES;-20,8334;-40,7268;1492
320425;PONTO BELO;ES;-18,1253;-40,5458;243822
320435;RIO BANANAL;ES;-19,2719;-40,3366;12830
320440;RIO NOVO DO SUL;ES;-20,8556;-40,9388;4620
320450;SANTA LEOPOLDINA;ES;-20,0999;-40,527;35447
320455;SANTA MARIA DE JETIBÁ;ES;-20,0253;-40,7439;16670
320460;SANTA TERESA;ES;-19,9363;-40,5979;2148
320465;SÃO DOMINGOS DO NORTE;ES;-19,1452;-40,6281;33044
320470;SÃO GABRIEL DA PALHA;ES;-19,0182;-40,5365;3193
320480;SÃO JOSÉ DO CALÇADO;ES;-21,0274;-41,6636;2362
320490;SÃO MATEUS;ES;-18,7214;-39,8579;8262
320495;SÃO ROQUE DO CANAÃ;ES;-19,7411;-40,6526;90989
320500;SERRA;ES;-20,121;-40,3074;5325
320501;SOORETAMA;ES;-19,1897;-40,0974;1964
320503;VARGEM ALTA;ES;-20,669;-41,0179;9834
320506;VENDA NOVA DO IMIGRANTE;ES;-20,327;-41,1355;14352
320515;VILA PAVÃO;ES;-18,6091;-40,609;58330
320517;VILA VALÉRIO;ES;-18,9958;-40,3849;35428
320520;VILA VELHA;ES;-20,3417;-40,2875;5224
320530;VITÓRIA;ES;-20,3155;-40,3128;5465
